name,email,role,job description,start date,qualifications,comments,penalities,section
Edythe Giovanetti,egiovanetti0@about.me,Sales Associate,Graphic Designer,2010-11-18 14:22:00,Certification,Keep it up!,13,Operations
Imogen Swanbourne,iswanbourne1@aboutads.info,Engineer,Sales Manager,2017-12-07 06:36:10,Work experience,Nice work!,6,Operations
Winslow Hartzog,whartzog2@odnoklassniki.ru,Customer Service Representative,Marketing Specialist,2010-02-28 12:13:03,PhD,Interesting topic.,2,Finance
Leonidas McGeechan,lmcgeechan3@dot.gov,admin,Sales Manager,2020-11-11 18:37:52,PhD,Keep it up!,9,Marketing
Andris Guilayn,aguilayn4@odnoklassniki.ru,Sales Associate,Graphic Designer,2011-05-05 09:15:08,PhD,Keep it up!,4,Finance
Tadio Tuddenham,ttuddenham5@xing.com,Engineer,Sales Manager,2018-03-12 19:46:24,Work experience,Keep it up!,9,Operations
Yolane Carus,ycarus6@goo.gl,admin,Customer Service Representative,2021-04-14 11:27:04,Master's degree,Keep it up!,14,Marketing
Delbert Bountiff,dbountiff7@ucoz.com,Accountant,Marketing Specialist,2016-12-19 10:30:26,Work experience,Great job!,9,Marketing
Junette Jope,jjope8@simplemachines.org,Accountant,Marketing Specialist,2010-12-13 04:15:27,PhD,Nice work!,12,Operations
Penny Stobbes,pstobbes9@about.com,Engineer,Marketing Specialist,2015-08-06 23:54:03,Bachelor's degree,Great job!,15,Sales
Reinhold Bentsen,rbentsena@360.cn,Sales Associate,Customer Service Representative,2019-12-28 15:43:35,Bachelor's degree,Keep it up!,20,Marketing
Gusta Adrianello,gadrianellob@ameblo.jp,Accountant,Sales Manager,2014-02-12 06:46:10,Certification,Nice work!,9,Human Resources
Gorden Lidell,glidellc@marketwatch.com,Accountant,Graphic Designer,2021-08-13 23:29:37,Certification,Keep it up!,18,Human Resources
Mel Hagston,mhagstond@google.de,Customer Service Representative,Marketing Specialist,2021-01-15 22:32:17,Bachelor's degree,Interesting topic.,15,Marketing
Odetta Saylor,osaylore@123-reg.co.uk,Manager,Customer Service Representative,2020-03-24 02:02:41,Certification,Great job!,1,Human Resources
Bancroft Narducci,bnarduccif@themeforest.net,Sales Associate,Marketing Specialist,2018-06-16 02:42:34,Master's degree,Well done!,12,Human Resources
Yolanda Tiplady,ytipladyg@google.com.hk,Engineer,Software Engineer,2021-12-27 01:01:16,Master's degree,Keep it up!,12,Marketing
Robbie Emmanueli,remmanuelih@sourceforge.net,Engineer,Sales Manager,2020-04-07 14:48:59,PhD,Nice work!,15,Finance
Heall Dannohl,hdannohli@unblog.fr,admin,Software Engineer,2012-10-22 07:21:46,Master's degree,Well done!,13,Marketing
Booth Botfield,bbotfieldj@home.pl,Engineer,Software Engineer,2019-05-07 05:12:55,Master's degree,Nice work!,3,Marketing
Bellina Kleinber,bkleinberk@adobe.com,Engineer,Sales Manager,2019-08-29 00:42:49,Master's degree,Well done!,11,Marketing
Jasmin Kytter,jkytterl@canalblog.com,Sales Associate,Marketing Specialist,2016-06-05 22:07:26,Work experience,Nice work!,16,Sales
Boris Planke,bplankem@tinypic.com,Accountant,Graphic Designer,2018-06-13 22:59:58,Bachelor's degree,Interesting topic.,13,Finance
Orton Whitman,owhitmann@tuttocitta.it,Accountant,Graphic Designer,2010-09-27 15:00:46,Certification,Interesting topic.,5,Finance
Jacob Barker,jbarkero@abc.net.au,admin,Software Engineer,2021-12-20 13:09:31,Work experience,Great job!,3,Human Resources
Scarface Westfalen,swestfalenp@cbslocal.com,Customer Service Representative,Marketing Specialist,2012-09-03 04:35:44,Master's degree,Nice work!,2,Sales
Vlad Bollans,vbollansq@sfgate.com,Sales Associate,Graphic Designer,2013-01-21 06:19:13,Bachelor's degree,Great job!,17,Human Resources
Dill Dasent,ddasentr@tumblr.com,Accountant,Sales Manager,2013-05-22 08:46:43,PhD,Keep it up!,4,Sales
Sabrina Iorio,siorios@artisteer.com,Customer Service Representative,Software Engineer,2020-09-20 09:42:49,Certification,Well done!,1,Finance
Cedric Nealand,cnealandt@usnews.com,Customer Service Representative,Software Engineer,2018-05-09 16:28:00,Certification,Great job!,3,Human Resources
Constantine Lamberts,clambertsu@addthis.com,Sales Associate,Sales Manager,2018-07-06 05:37:08,Master's degree,Great job!,10,Sales
Edith Faas,efaasv@posterous.com,Sales Associate,Marketing Specialist,2018-06-26 20:15:53,Certification,Well done!,19,Operations
Alanna Valentine,avalentinew@arizona.edu,Engineer,Software Engineer,2011-04-04 13:40:27,Certification,Well done!,15,Sales
Reuven Jenteau,rjenteaux@sun.com,Manager,Marketing Specialist,2011-03-22 03:51:07,Work experience,Interesting topic.,12,Marketing
Tadeo Fortey,tforteyy@dot.gov,Accountant,Customer Service Representative,2012-01-14 00:32:43,Master's degree,Great job!,7,Marketing
Aloise Meth,amethz@yellowpages.com,admin,Customer Service Representative,2012-11-27 16:25:22,Bachelor's degree,Nice work!,3,Human Resources
Richy Tirkin,rtirkin10@upenn.edu,Customer Service Representative,Software Engineer,2019-07-19 11:08:08,Work experience,Keep it up!,12,Sales
Briana Shelmerdine,bshelmerdine11@cbsnews.com,Customer Service Representative,Graphic Designer,2013-11-23 08:21:38,Bachelor's degree,Interesting topic.,19,Operations
Anabal Dulling,adulling12@deviantart.com,Accountant,Customer Service Representative,2014-09-04 01:22:07,Master's degree,Keep it up!,5,Sales
Dallon Hendonson,dhendonson13@newsvine.com,Customer Service Representative,Graphic Designer,2019-05-07 02:24:18,PhD,Nice work!,10,Operations
Karalynn Berr,kberr14@thetimes.co.uk,Sales Associate,Software Engineer,2017-05-14 17:49:59,Work experience,Well done!,10,Finance
Elie June,ejune15@amazon.de,Engineer,Sales Manager,2017-04-17 08:32:26,Bachelor's degree,Interesting topic.,11,Finance
Lonee Cettell,lcettell16@netlog.com,Engineer,Sales Manager,2013-06-20 07:54:25,Work experience,Nice work!,5,Marketing
Dane Nieass,dnieass17@npr.org,Sales Associate,Marketing Specialist,2014-07-24 00:53:03,PhD,Great job!,16,Finance
Elbert Guyver,eguyver18@stanford.edu,Manager,Sales Manager,2018-03-10 22:22:47,Master's degree,Well done!,15,Operations
Stanislaus Rallin,srallin19@mysql.com,Sales Associate,Marketing Specialist,2016-03-30 14:59:00,Work experience,Interesting topic.,11,Marketing
Alexandrina Pettiford,apettiford1a@sohu.com,Sales Associate,Marketing Specialist,2019-04-02 15:04:23,Work experience,Well done!,18,Finance
Jeremias Magarrell,jmagarrell1b@china.com.cn,Engineer,Customer Service Representative,2015-06-02 01:26:41,Bachelor's degree,Keep it up!,20,Operations
Adel Jezard,ajezard1c@indiegogo.com,Manager,Sales Manager,2021-06-29 11:47:21,Work experience,Interesting topic.,14,Human Resources
Windy Bartrop,wbartrop1d@uiuc.edu,Manager,Customer Service Representative,2013-01-19 03:05:15,Certification,Nice work!,12,Marketing
Lion Gore,lgore1e@wordpress.com,Accountant,Customer Service Representative,2015-07-01 09:03:47,Work experience,Well done!,6,Marketing
Ingra Pleager,ipleager1f@macromedia.com,admin,Marketing Specialist,2012-03-02 14:52:51,Work experience,Well done!,4,Finance
Brendon Claxton,bclaxton1g@ocn.ne.jp,Customer Service Representative,Marketing Specialist,2010-08-25 12:56:35,Certification,Nice work!,7,Finance
Liliane Ilyin,lilyin1h@apache.org,Accountant,Graphic Designer,2015-07-08 06:00:06,Bachelor's degree,Nice work!,9,Marketing
Belinda Huddlestone,bhuddlestone1i@loc.gov,Accountant,Graphic Designer,2014-09-17 14:17:49,Master's degree,Keep it up!,16,Human Resources
Elspeth Coggon,ecoggon1j@csmonitor.com,Engineer,Marketing Specialist,2017-03-18 14:14:31,Work experience,Well done!,12,Finance
Sarajane Fardon,sfardon1k@forbes.com,Sales Associate,Graphic Designer,2019-11-29 04:07:15,Master's degree,Nice work!,15,Finance
Loy Caddick,lcaddick1l@boston.com,Engineer,Graphic Designer,2013-06-16 15:08:48,Master's degree,Nice work!,0,Finance
Elden Gilders,egilders1m@squarespace.com,Accountant,Graphic Designer,2014-11-19 05:36:10,Work experience,Nice work!,5,Sales
Jolie Pail,jpail1n@aol.com,Sales Associate,Graphic Designer,2021-05-16 02:36:34,Work experience,Well done!,8,Sales
Ruthie Summerrell,rsummerrell1o@gnu.org,admin,Sales Manager,2010-01-15 03:43:53,Master's degree,Great job!,11,Finance
Georgeta Maskelyne,gmaskelyne1p@ebay.com,admin,Software Engineer,2012-05-21 22:53:47,Work experience,Interesting topic.,20,Marketing
Reid Sprey,rsprey1q@dion.ne.jp,Customer Service Representative,Customer Service Representative,2018-04-11 11:12:55,Bachelor's degree,Great job!,7,Operations
Seymour Flemmich,sflemmich1r@mapquest.com,Sales Associate,Graphic Designer,2019-07-11 04:37:35,PhD,Well done!,14,Marketing
Roselle Banck,rbanck1s@yelp.com,Manager,Sales Manager,2017-08-13 02:59:34,Certification,Interesting topic.,19,Marketing
Dudley Doige,ddoige1t@ox.ac.uk,Customer Service Representative,Sales Manager,2018-07-14 17:17:35,PhD,Well done!,14,Operations
Ashil Huge,ahuge1u@ucla.edu,Customer Service Representative,Customer Service Representative,2011-02-27 20:35:12,Master's degree,Well done!,4,Sales
Paige North,pnorth1v@gov.uk,Sales Associate,Graphic Designer,2020-09-14 16:48:17,Certification,Interesting topic.,8,Sales
Peder Peracco,pperacco1w@vk.com,Manager,Marketing Specialist,2017-02-28 17:42:54,Certification,Interesting topic.,11,Finance
Troy Omrod,tomrod1x@sciencedirect.com,Engineer,Customer Service Representative,2018-10-10 00:29:10,Work experience,Keep it up!,20,Operations
Doe Baugh,dbaugh1y@devhub.com,Sales Associate,Customer Service Representative,2016-08-21 14:21:55,PhD,Well done!,10,Operations
Bryan Orkney,borkney1z@epa.gov,Engineer,Marketing Specialist,2011-01-29 08:52:13,Bachelor's degree,Nice work!,2,Marketing
Ambur Grog,agrog20@npr.org,Engineer,Sales Manager,2016-12-21 23:19:43,Certification,Keep it up!,12,Human Resources
Willi Cumberlidge,wcumberlidge21@cdc.gov,admin,Customer Service Representative,2018-06-04 01:38:44,Work experience,Nice work!,3,Finance
Meier Thackham,mthackham22@paypal.com,Manager,Sales Manager,2019-10-19 18:40:37,Work experience,Interesting topic.,9,Sales
Tabby Forst,tforst23@cyberchimps.com,admin,Sales Manager,2010-08-11 17:41:56,Bachelor's degree,Nice work!,17,Operations
Letty Sirey,lsirey24@tinypic.com,Sales Associate,Customer Service Representative,2013-12-20 13:27:45,PhD,Keep it up!,16,Operations
Georgiana Himsworth,ghimsworth25@weebly.com,Manager,Marketing Specialist,2014-05-19 02:14:38,Master's degree,Interesting topic.,5,Human Resources
Lizbeth McElrea,lmcelrea26@ca.gov,Sales Associate,Software Engineer,2012-01-21 15:41:04,Certification,Keep it up!,8,Operations
Cord Kemmey,ckemmey27@thetimes.co.uk,Sales Associate,Software Engineer,2020-06-20 01:02:56,PhD,Keep it up!,9,Human Resources
Livia Rigmond,lrigmond28@instagram.com,admin,Customer Service Representative,2015-10-25 09:12:04,Bachelor's degree,Interesting topic.,12,Marketing
Enrico Erbain,eerbain29@slideshare.net,Customer Service Representative,Sales Manager,2013-12-16 03:10:22,Master's degree,Nice work!,11,Sales
Kienan Fewell,kfewell2a@walmart.com,Engineer,Software Engineer,2013-05-21 18:24:15,Work experience,Nice work!,16,Marketing
Amelina Bachanski,abachanski2b@apache.org,Manager,Customer Service Representative,2010-06-20 00:12:21,Certification,Keep it up!,17,Marketing
Ki Bartleman,kbartleman2c@yelp.com,Accountant,Sales Manager,2021-04-17 19:20:45,Certification,Keep it up!,7,Human Resources
Mechelle Daw,mdaw2d@hubpages.com,Customer Service Representative,Software Engineer,2019-11-27 03:01:12,Bachelor's degree,Keep it up!,17,Finance
Alexis De Lascy,ade2e@i2i.jp,admin,Sales Manager,2017-02-17 12:36:01,Certification,Great job!,0,Human Resources
Jammal Cobson,jcobson2f@purevolume.com,Sales Associate,Software Engineer,2015-08-21 13:46:54,Master's degree,Interesting topic.,13,Finance
Angelica Pendrid,apendrid2g@creativecommons.org,Accountant,Marketing Specialist,2011-11-15 04:52:23,Bachelor's degree,Great job!,6,Marketing
Mabelle Giacomuzzo,mgiacomuzzo2h@virginia.edu,Customer Service Representative,Marketing Specialist,2016-06-07 01:27:14,Bachelor's degree,Well done!,6,Operations
Vernon Waltering,vwaltering2i@123-reg.co.uk,Engineer,Customer Service Representative,2013-05-11 21:48:38,Bachelor's degree,Nice work!,20,Marketing
Nathanael Simmen,nsimmen2j@pbs.org,Engineer,Sales Manager,2012-03-29 00:07:08,Certification,Great job!,5,Finance
Kirsteni Crockett,kcrockett2k@accuweather.com,Manager,Sales Manager,2019-06-29 07:24:01,Master's degree,Keep it up!,20,Finance
Robbin Guirau,rguirau2l@artisteer.com,Manager,Marketing Specialist,2019-07-30 06:26:10,Work experience,Great job!,16,Sales
Wynn Dumsday,wdumsday2m@youku.com,Customer Service Representative,Customer Service Representative,2021-05-18 01:19:44,Work experience,Keep it up!,17,Marketing
Karin Munnis,kmunnis2n@toplist.cz,admin,Software Engineer,2019-10-01 13:22:00,Bachelor's degree,Keep it up!,13,Finance
Jehu MacMichael,jmacmichael2o@123-reg.co.uk,Sales Associate,Marketing Specialist,2021-12-04 14:15:05,Bachelor's degree,Nice work!,7,Marketing
Dorey Von Gladbach,dvon2p@intel.com,Sales Associate,Software Engineer,2010-12-21 17:52:08,Master's degree,Interesting topic.,8,Human Resources
Barbaraanne Sterley,bsterley2q@barnesandnoble.com,Manager,Sales Manager,2012-01-18 19:34:51,Bachelor's degree,Nice work!,19,Operations
Hertha Pipet,hpipet2r@dedecms.com,Manager,Software Engineer,2011-03-31 09:10:28,PhD,Great job!,2,Marketing
Garvy Nolot,gnolot2s@barnesandnoble.com,Customer Service Representative,Customer Service Representative,2014-04-06 09:25:38,Work experience,Well done!,7,Marketing
Bertie MacRannell,bmacrannell2t@51.la,Manager,Sales Manager,2012-03-26 01:42:48,Master's degree,Interesting topic.,12,Sales
Lorenzo Parmeter,lparmeter2u@comcast.net,Manager,Sales Manager,2015-09-25 13:58:35,Work experience,Well done!,0,Human Resources
Maryl Perotti,mperotti2v@phpbb.com,Manager,Sales Manager,2017-05-25 05:55:18,PhD,Interesting topic.,0,Operations
Ilene Lodo,ilodo2w@about.me,admin,Graphic Designer,2013-10-19 08:56:32,Bachelor's degree,Interesting topic.,6,Marketing
Torre Marlowe,tmarlowe2x@sfgate.com,Engineer,Sales Manager,2015-10-17 23:53:22,Bachelor's degree,Keep it up!,9,Human Resources
Cooper Keddie,ckeddie2y@chronoengine.com,Sales Associate,Marketing Specialist,2011-07-23 08:22:31,Work experience,Well done!,15,Sales
Ricardo Jakubovits,rjakubovits2z@twitter.com,Manager,Customer Service Representative,2016-06-08 04:06:46,Certification,Well done!,16,Human Resources
Robbyn Janjic,rjanjic30@slideshare.net,Engineer,Software Engineer,2021-10-24 20:53:29,Certification,Well done!,20,Marketing
Viole Bungey,vbungey31@chicagotribune.com,Accountant,Sales Manager,2010-11-15 23:40:45,Bachelor's degree,Keep it up!,14,Human Resources
Lucine Maneylaws,lmaneylaws32@rakuten.co.jp,Engineer,Sales Manager,2016-03-21 18:10:23,Master's degree,Nice work!,11,Marketing
Alonzo Dudny,adudny33@loc.gov,Accountant,Sales Manager,2019-07-05 07:05:51,Bachelor's degree,Well done!,19,Finance
Lev Nulty,lnulty34@pcworld.com,admin,Graphic Designer,2015-02-26 03:13:44,Certification,Nice work!,10,Marketing
Sarine Eakins,seakins35@macromedia.com,admin,Customer Service Representative,2018-09-15 01:34:45,Bachelor's degree,Well done!,19,Sales
Evered Kamien,ekamien36@ustream.tv,Accountant,Customer Service Representative,2020-07-29 18:47:53,Certification,Nice work!,16,Human Resources
Henderson Filon,hfilon37@pagesperso-orange.fr,Customer Service Representative,Marketing Specialist,2013-05-16 15:39:53,PhD,Well done!,5,Operations
Cahra Ferriere,cferriere38@vistaprint.com,Manager,Marketing Specialist,2013-10-30 16:00:00,PhD,Great job!,12,Sales
Annette Imorts,aimorts39@pen.io,Engineer,Customer Service Representative,2016-02-15 13:15:03,Master's degree,Interesting topic.,16,Marketing
Frasco Hinckes,fhinckes3a@wunderground.com,Manager,Graphic Designer,2014-05-01 11:44:35,Bachelor's degree,Nice work!,10,Human Resources
Jilleen Jessett,jjessett3b@usda.gov,admin,Customer Service Representative,2017-05-09 19:46:26,PhD,Keep it up!,1,Sales
Meyer Drissell,mdrissell3c@woothemes.com,admin,Marketing Specialist,2011-04-01 00:56:02,Master's degree,Nice work!,12,Finance
Allys Nanson,ananson3d@cdbaby.com,Accountant,Software Engineer,2015-04-04 10:01:36,Certification,Great job!,12,Marketing
Malvin Glabach,mglabach3e@biblegateway.com,Manager,Marketing Specialist,2015-08-13 08:00:49,Work experience,Keep it up!,3,Human Resources
Ally Ramsdale,aramsdale3f@engadget.com,Customer Service Representative,Marketing Specialist,2016-01-10 03:01:50,PhD,Nice work!,7,Human Resources
Storm Donoher,sdonoher3g@imgur.com,admin,Graphic Designer,2020-08-26 10:42:34,PhD,Nice work!,17,Marketing
Celesta Freen,cfreen3h@chronoengine.com,Engineer,Graphic Designer,2012-08-17 21:04:38,PhD,Keep it up!,20,Operations
Darcie Giraldez,dgiraldez3i@businessinsider.com,Sales Associate,Sales Manager,2014-10-18 00:12:24,Bachelor's degree,Well done!,0,Operations
Samantha Samworth,ssamworth3j@ftc.gov,Sales Associate,Graphic Designer,2015-06-26 23:44:01,Certification,Nice work!,4,Finance
Filia Joysey,fjoysey3k@mysql.com,Manager,Software Engineer,2012-04-10 07:27:14,Work experience,Keep it up!,15,Marketing
Clerkclaude Aylmer,caylmer3l@a8.net,Manager,Software Engineer,2012-02-28 20:42:39,PhD,Interesting topic.,20,Marketing
Rossie MacPike,rmacpike3m@loc.gov,Engineer,Customer Service Representative,2011-11-05 12:56:48,Certification,Great job!,9,Sales
Marcus Hanscome,mhanscome3n@weibo.com,admin,Sales Manager,2018-09-14 20:46:54,Work experience,Well done!,10,Operations
Monroe Blazevic,mblazevic3o@dedecms.com,admin,Software Engineer,2020-07-15 20:38:55,Master's degree,Great job!,14,Finance
Joly Ruf,jruf3p@mozilla.com,admin,Graphic Designer,2010-10-21 09:53:43,Master's degree,Keep it up!,7,Human Resources
Willard Chasier,wchasier3q@nbcnews.com,Manager,Customer Service Representative,2011-01-04 08:10:00,Bachelor's degree,Nice work!,2,Human Resources
Halimeda Brettle,hbrettle3r@ifeng.com,Engineer,Customer Service Representative,2014-12-02 12:55:24,Work experience,Well done!,0,Operations
Shurwood Sharplin,ssharplin3s@ovh.net,Customer Service Representative,Marketing Specialist,2010-07-07 02:46:53,Bachelor's degree,Great job!,15,Human Resources
Coralyn Dorkens,cdorkens3t@hugedomains.com,Customer Service Representative,Graphic Designer,2019-05-11 02:41:22,Work experience,Interesting topic.,3,Sales
Arney Tupie,atupie3u@multiply.com,Engineer,Graphic Designer,2011-12-29 12:30:49,Certification,Great job!,16,Operations
Lynnet Peirazzi,lpeirazzi3v@globo.com,Manager,Customer Service Representative,2011-07-01 20:55:33,Work experience,Great job!,6,Finance
Evan Manicomb,emanicomb3w@artisteer.com,admin,Graphic Designer,2013-12-28 11:37:34,Certification,Great job!,0,Marketing
Willabella Kohrding,wkohrding3x@oakley.com,Customer Service Representative,Marketing Specialist,2018-01-26 15:06:37,Master's degree,Keep it up!,7,Human Resources
Emlyn Nanelli,enanelli3y@marketwatch.com,admin,Software Engineer,2013-12-08 12:56:15,Certification,Well done!,0,Finance
Elysha Ceci,ececi3z@symantec.com,Engineer,Marketing Specialist,2011-09-19 20:34:39,Bachelor's degree,Interesting topic.,0,Human Resources
Kalie Kaaskooper,kkaaskooper40@squidoo.com,Accountant,Sales Manager,2019-02-09 00:06:55,Certification,Keep it up!,19,Operations
Orland Ashington,oashington41@infoseek.co.jp,Customer Service Representative,Graphic Designer,2016-08-25 11:42:57,Certification,Nice work!,17,Finance
Michell Fluger,mfluger42@cloudflare.com,Accountant,Graphic Designer,2019-07-12 07:28:03,Certification,Interesting topic.,5,Sales
Meier Littlejohn,mlittlejohn43@livejournal.com,Manager,Marketing Specialist,2015-09-30 19:21:44,Master's degree,Nice work!,5,Human Resources
Bradly Spridgen,bspridgen44@comcast.net,admin,Graphic Designer,2012-01-22 00:39:14,PhD,Great job!,0,Marketing
Joice Gater,jgater45@kickstarter.com,Engineer,Graphic Designer,2020-01-09 13:40:21,PhD,Well done!,15,Marketing
Celesta Woolam,cwoolam46@google.fr,Sales Associate,Customer Service Representative,2019-11-04 03:29:39,Master's degree,Well done!,1,Sales
Sibby Lassetter,slassetter47@newsvine.com,Accountant,Customer Service Representative,2010-04-13 09:24:31,Master's degree,Interesting topic.,1,Marketing
Alena Bonner,abonner48@mozilla.com,Engineer,Sales Manager,2013-12-26 11:45:13,PhD,Nice work!,1,Marketing
Hannah Cleveley,hcleveley49@so-net.ne.jp,Engineer,Graphic Designer,2016-09-22 13:31:02,PhD,Nice work!,15,Sales
Bronny Mowsdill,bmowsdill4a@who.int,Manager,Marketing Specialist,2012-11-28 13:00:51,Certification,Well done!,16,Human Resources
Dion Frango,dfrango4b@histats.com,admin,Graphic Designer,2018-10-27 19:24:31,PhD,Keep it up!,19,Marketing
Staci Senten,ssenten4c@drupal.org,Sales Associate,Sales Manager,2021-01-22 10:05:16,Work experience,Keep it up!,2,Sales
Jane Dodle,jdodle4d@spotify.com,Sales Associate,Marketing Specialist,2019-12-13 17:06:56,Certification,Interesting topic.,20,Human Resources
Arlen Braunroth,abraunroth4e@usnews.com,Sales Associate,Graphic Designer,2020-08-16 03:54:31,Certification,Great job!,7,Sales
Jean Whodcoat,jwhodcoat4f@cnn.com,Manager,Graphic Designer,2020-08-30 13:06:30,Certification,Keep it up!,14,Marketing
Cordi Roglieri,croglieri4g@issuu.com,Sales Associate,Customer Service Representative,2019-05-23 14:16:36,PhD,Interesting topic.,7,Finance
Gwenni Tamblyn,gtamblyn4h@columbia.edu,Accountant,Software Engineer,2017-05-10 09:11:45,Bachelor's degree,Nice work!,18,Operations
Myriam Troke,mtroke4i@theglobeandmail.com,Customer Service Representative,Sales Manager,2010-10-11 10:27:22,PhD,Keep it up!,1,Human Resources
Concordia Gallen,cgallen4j@wikimedia.org,Engineer,Sales Manager,2011-05-12 23:45:36,Master's degree,Interesting topic.,19,Finance
Dianemarie Foux,dfoux4k@oaic.gov.au,Sales Associate,Software Engineer,2015-02-10 04:54:08,Certification,Interesting topic.,14,Operations
Isadora Heynen,iheynen4l@slashdot.org,Manager,Graphic Designer,2012-06-27 08:38:51,PhD,Keep it up!,14,Finance
Robinson Ollerton,rollerton4m@blog.com,Accountant,Software Engineer,2013-09-29 13:19:33,PhD,Keep it up!,7,Operations
Gage Ackroyd,gackroyd4n@scientificamerican.com,Customer Service Representative,Graphic Designer,2019-04-27 15:39:42,Master's degree,Nice work!,3,Human Resources
Zia Scoyne,zscoyne4o@google.de,Sales Associate,Marketing Specialist,2011-11-19 19:52:34,Bachelor's degree,Interesting topic.,1,Sales
Grange Ridwood,gridwood4p@a8.net,Customer Service Representative,Marketing Specialist,2014-02-03 18:47:26,Certification,Nice work!,2,Sales
Travers Dadson,tdadson4q@google.es,admin,Software Engineer,2012-04-06 19:08:20,Bachelor's degree,Keep it up!,16,Operations
Sheree Foye,sfoye4r@archive.org,admin,Sales Manager,2021-09-10 03:23:59,Work experience,Nice work!,9,Marketing
Hyacinthia Smurthwaite,hsmurthwaite4s@jigsy.com,Sales Associate,Customer Service Representative,2019-06-12 22:38:15,Work experience,Well done!,11,Operations
Phelia Carbry,pcarbry4t@miitbeian.gov.cn,admin,Software Engineer,2017-01-24 05:16:11,PhD,Well done!,19,Human Resources
Kaila Dearnaly,kdearnaly4u@about.me,Sales Associate,Software Engineer,2012-03-10 15:27:32,Bachelor's degree,Great job!,9,Human Resources
Cordy Gudgion,cgudgion4v@163.com,Customer Service Representative,Sales Manager,2021-09-07 14:35:58,Work experience,Interesting topic.,6,Operations
Cesaro Houlton,choulton4w@addtoany.com,Engineer,Sales Manager,2019-11-15 20:10:27,Certification,Great job!,11,Operations
Lyndsie Morcom,lmorcom4x@house.gov,Engineer,Software Engineer,2016-08-02 03:28:50,Certification,Keep it up!,16,Human Resources
Joella Melton,jmelton4y@sourceforge.net,Accountant,Customer Service Representative,2011-04-11 08:22:36,Work experience,Keep it up!,16,Sales
Kellen Antoniades,kantoniades4z@ihg.com,Accountant,Graphic Designer,2021-03-25 09:28:29,Master's degree,Well done!,18,Sales
Hagen Shillan,hshillan50@shinystat.com,Customer Service Representative,Sales Manager,2013-03-06 14:02:29,PhD,Well done!,5,Operations
Natalya Edel,nedel51@zimbio.com,Manager,Customer Service Representative,2021-01-03 22:36:56,Certification,Great job!,14,Marketing
Allianora Kirkpatrick,akirkpatrick52@cnet.com,Engineer,Graphic Designer,2014-11-07 17:31:45,Bachelor's degree,Interesting topic.,14,Marketing
Teddi Daltrey,tdaltrey53@meetup.com,Sales Associate,Sales Manager,2014-08-13 17:46:24,Master's degree,Nice work!,6,Operations
Chandal Offner,coffner54@dailymail.co.uk,admin,Sales Manager,2019-01-25 00:41:22,Master's degree,Well done!,17,Finance
Genni Dundendale,gdundendale55@phpbb.com,Sales Associate,Customer Service Representative,2012-04-06 12:28:23,Work experience,Great job!,0,Marketing
Chryste Morling,cmorling56@ft.com,Sales Associate,Marketing Specialist,2021-06-12 11:29:19,PhD,Great job!,0,Finance
Colin Philcott,cphilcott57@twitpic.com,admin,Marketing Specialist,2021-03-14 16:34:58,Certification,Great job!,8,Operations
Adore Norcliffe,anorcliffe58@spiegel.de,Accountant,Sales Manager,2020-03-03 18:59:28,PhD,Keep it up!,13,Finance
Alexandra Croysdale,acroysdale59@com.com,Customer Service Representative,Graphic Designer,2016-12-23 03:29:53,Bachelor's degree,Interesting topic.,18,Finance
Caritta Zavattero,czavattero5a@pen.io,Engineer,Customer Service Representative,2019-05-24 00:14:49,Master's degree,Keep it up!,6,Human Resources
Frans Cowton,fcowton5b@constantcontact.com,Accountant,Sales Manager,2015-04-30 09:22:32,Master's degree,Nice work!,6,Human Resources
Conrado Molnar,cmolnar5c@etsy.com,Accountant,Sales Manager,2020-11-09 00:32:49,Bachelor's degree,Interesting topic.,0,Marketing
Alvira Peplow,apeplow5d@craigslist.org,Customer Service Representative,Sales Manager,2016-07-19 13:46:13,Bachelor's degree,Well done!,17,Sales
Crystal Dearl,cdearl5e@ask.com,Accountant,Graphic Designer,2013-08-29 19:16:07,Certification,Great job!,1,Sales
Sholom Kindleysides,skindleysides5f@forbes.com,Accountant,Marketing Specialist,2010-08-09 18:04:58,Certification,Great job!,20,Sales
Efren Burrage,eburrage5g@imdb.com,Accountant,Sales Manager,2013-09-30 17:03:15,Certification,Well done!,0,Finance
Maureen Chaize,mchaize5h@princeton.edu,Customer Service Representative,Customer Service Representative,2010-04-11 17:49:27,PhD,Well done!,13,Operations
Mikey Powell,mpowell5i@ask.com,admin,Software Engineer,2010-01-16 21:20:20,Work experience,Interesting topic.,8,Human Resources
Newton Botcherby,nbotcherby5j@toplist.cz,Customer Service Representative,Graphic Designer,2011-01-15 06:14:16,Certification,Great job!,20,Sales
Catharina Ianetti,cianetti5k@mayoclinic.com,Manager,Customer Service Representative,2011-12-02 03:06:43,Work experience,Interesting topic.,9,Operations
Lesli Tommei,ltommei5l@mayoclinic.com,Engineer,Sales Manager,2011-07-17 11:10:43,PhD,Nice work!,7,Marketing
Karrie Comberbach,kcomberbach5m@comcast.net,Manager,Software Engineer,2021-10-15 12:32:28,Certification,Keep it up!,0,Operations
Erwin Heintze,eheintze5n@webnode.com,Accountant,Sales Manager,2018-10-17 17:17:46,PhD,Great job!,10,Finance
Phaidra Poplee,ppoplee5o@php.net,admin,Graphic Designer,2021-07-06 08:44:33,Master's degree,Interesting topic.,2,Operations
Lyle Emor,lemor5p@youtu.be,Manager,Customer Service Representative,2020-10-14 19:30:45,PhD,Nice work!,7,Operations
Nichole Timmis,ntimmis5q@rakuten.co.jp,Sales Associate,Marketing Specialist,2012-01-27 15:20:08,PhD,Well done!,20,Operations
Basilius Ruegg,bruegg5r@vimeo.com,Sales Associate,Marketing Specialist,2015-07-12 03:39:40,Work experience,Great job!,5,Marketing
Dane Seeley,dseeley5s@sun.com,Sales Associate,Software Engineer,2021-06-07 23:31:19,Certification,Keep it up!,8,Marketing
Quentin Marples,qmarples5t@list-manage.com,Customer Service Representative,Sales Manager,2012-03-12 18:41:56,Certification,Nice work!,8,Marketing
Anjanette Puttock,aputtock5u@about.me,Accountant,Customer Service Representative,2017-02-23 14:50:08,Work experience,Interesting topic.,3,Finance
Konstantine Peto,kpeto5v@oracle.com,Manager,Customer Service Representative,2020-12-09 16:07:06,PhD,Interesting topic.,3,Sales
Karie Bagger,kbagger5w@shutterfly.com,Customer Service Representative,Software Engineer,2012-08-29 12:37:49,Master's degree,Great job!,17,Finance
Schuyler Batram,sbatram5x@howstuffworks.com,Accountant,Software Engineer,2019-08-30 20:01:40,Work experience,Nice work!,8,Operations
Veronica Temby,vtemby5y@stumbleupon.com,admin,Marketing Specialist,2021-08-14 11:37:07,Bachelor's degree,Keep it up!,9,Sales
Cy Pree,cpree5z@plala.or.jp,Customer Service Representative,Sales Manager,2019-09-17 18:43:41,PhD,Interesting topic.,9,Sales
Fae Jenman,fjenman60@eepurl.com,Engineer,Graphic Designer,2019-11-13 14:13:03,Certification,Great job!,0,Marketing
Meade Blenkinsop,mblenkinsop61@spiegel.de,Accountant,Graphic Designer,2018-05-17 21:54:39,PhD,Great job!,2,Marketing
Romola Heeran,rheeran62@xing.com,Customer Service Representative,Marketing Specialist,2014-12-16 18:47:50,PhD,Keep it up!,15,Human Resources
Rozanne Errigo,rerrigo63@homestead.com,Sales Associate,Graphic Designer,2016-02-29 13:03:00,Work experience,Interesting topic.,13,Finance
Lari Gumby,lgumby64@soup.io,Customer Service Representative,Marketing Specialist,2012-12-15 19:31:01,Work experience,Great job!,19,Sales
Talya Keson,tkeson65@netscape.com,Manager,Customer Service Representative,2010-09-08 10:58:05,Certification,Keep it up!,19,Marketing
Reynard Lumsdall,rlumsdall66@mashable.com,Accountant,Customer Service Representative,2011-03-08 12:48:49,Bachelor's degree,Keep it up!,13,Finance
Patrice Randlesome,prandlesome67@networksolutions.com,Accountant,Sales Manager,2011-11-29 12:18:13,Certification,Keep it up!,12,Finance
Daveta Bremmell,dbremmell68@bing.com,Engineer,Software Engineer,2018-11-10 15:13:07,Bachelor's degree,Keep it up!,14,Marketing
Evanne Estevez,eestevez69@ehow.com,Manager,Sales Manager,2017-01-29 08:06:37,Master's degree,Keep it up!,17,Finance
Joelynn Skillicorn,jskillicorn6a@g.co,Manager,Customer Service Representative,2011-08-27 01:05:28,Master's degree,Interesting topic.,9,Operations
Corena Ninnis,cninnis6b@wordpress.com,Accountant,Graphic Designer,2013-04-25 11:21:20,Bachelor's degree,Interesting topic.,11,Marketing
Tanhya Willcot,twillcot6c@ifeng.com,admin,Customer Service Representative,2010-06-27 16:56:22,Bachelor's degree,Nice work!,8,Marketing
Vikky McGaughey,vmcgaughey6d@hao123.com,Customer Service Representative,Marketing Specialist,2014-01-09 18:57:44,Bachelor's degree,Great job!,1,Sales
Phaidra Allwell,pallwell6e@oaic.gov.au,Manager,Marketing Specialist,2015-01-26 12:46:57,Work experience,Keep it up!,11,Sales
Kellsie Crouch,kcrouch6f@amazonaws.com,admin,Software Engineer,2021-09-24 10:50:58,Certification,Nice work!,20,Human Resources
Hadlee Fehners,hfehners6g@thetimes.co.uk,Accountant,Marketing Specialist,2019-09-11 14:19:40,Work experience,Nice work!,12,Human Resources
Niko Keson,nkeson6h@angelfire.com,Sales Associate,Graphic Designer,2013-11-28 17:46:01,Certification,Nice work!,12,Finance
Sherm Aleshkov,saleshkov6i@arizona.edu,Accountant,Software Engineer,2014-04-13 18:54:47,Certification,Well done!,17,Operations
Vito Dannett,vdannett6j@paginegialle.it,Engineer,Customer Service Representative,2015-03-08 00:45:40,Work experience,Interesting topic.,17,Marketing
Marissa Fley,mfley6k@ihg.com,Sales Associate,Sales Manager,2017-10-06 23:04:24,Work experience,Great job!,19,Human Resources
Joyann Millott,jmillott6l@archive.org,Engineer,Software Engineer,2018-06-29 01:49:08,Work experience,Well done!,8,Marketing
Clio Dewfall,cdewfall6m@hc360.com,Customer Service Representative,Customer Service Representative,2016-01-16 17:51:19,Bachelor's degree,Nice work!,13,Marketing
Honey Bachellier,hbachellier6n@comsenz.com,Manager,Customer Service Representative,2019-03-18 11:00:48,Bachelor's degree,Keep it up!,17,Human Resources
Culver Goshawke,cgoshawke6o@g.co,Manager,Software Engineer,2013-04-06 18:54:59,Work experience,Nice work!,13,Operations
Pooh Pala,ppala6p@oakley.com,Sales Associate,Software Engineer,2016-11-19 22:01:29,Master's degree,Well done!,8,Finance
Lammond Husband,lhusband6q@technorati.com,Sales Associate,Customer Service Representative,2017-11-22 14:02:58,Bachelor's degree,Nice work!,6,Operations
Rozelle Pasby,rpasby6r@trellian.com,Sales Associate,Graphic Designer,2020-04-25 11:28:37,Master's degree,Interesting topic.,12,Human Resources
Vilhelmina Channon,vchannon6s@utexas.edu,Sales Associate,Software Engineer,2010-05-18 17:44:07,Certification,Well done!,12,Operations
Patricio Maginn,pmaginn6t@cam.ac.uk,Manager,Marketing Specialist,2017-10-27 02:18:33,Work experience,Well done!,12,Marketing
Veriee Bumpas,vbumpas6u@github.com,Manager,Customer Service Representative,2014-05-16 05:57:47,Work experience,Interesting topic.,6,Marketing
Brittan Geary,bgeary6v@google.pl,Customer Service Representative,Marketing Specialist,2018-09-10 02:38:59,Master's degree,Interesting topic.,8,Human Resources
Maury Scriven,mscriven6w@japanpost.jp,Customer Service Representative,Sales Manager,2011-10-09 17:33:14,Bachelor's degree,Well done!,12,Sales
Dalila Cokely,dcokely6x@gravatar.com,Customer Service Representative,Marketing Specialist,2018-06-18 11:44:22,Certification,Great job!,7,Finance
Joanne Rymmer,jrymmer6y@sakura.ne.jp,Accountant,Software Engineer,2017-07-28 04:42:16,Work experience,Interesting topic.,9,Finance
Mildrid Bateman,mbateman6z@rediff.com,admin,Customer Service Representative,2014-06-20 19:34:50,Master's degree,Keep it up!,16,Marketing
Gabe Hatrick,ghatrick70@europa.eu,Sales Associate,Software Engineer,2013-08-11 22:26:04,Master's degree,Nice work!,15,Finance
Erie MacDonald,emacdonald71@bbc.co.uk,Manager,Graphic Designer,2019-09-02 12:15:19,Certification,Keep it up!,16,Finance
Lara Braker,lbraker72@soup.io,Engineer,Sales Manager,2018-05-23 19:37:02,Bachelor's degree,Nice work!,12,Sales
Ardeen Noon,anoon73@multiply.com,admin,Marketing Specialist,2019-04-01 02:47:51,PhD,Great job!,16,Human Resources
Arnie Batcheldor,abatcheldor74@infoseek.co.jp,Accountant,Sales Manager,2017-08-15 01:51:23,Master's degree,Nice work!,3,Marketing
Gretel Hise,ghise75@pbs.org,Sales Associate,Sales Manager,2012-03-11 10:53:04,Master's degree,Well done!,15,Marketing
Randall Rosenkrantz,rrosenkrantz76@telegraph.co.uk,Manager,Sales Manager,2015-03-17 09:47:10,Bachelor's degree,Interesting topic.,17,Operations
Beatrix Haggart,bhaggart77@mail.ru,Customer Service Representative,Sales Manager,2021-03-07 23:44:41,Master's degree,Interesting topic.,11,Sales
Rosabelle McGrudder,rmcgrudder78@fema.gov,Engineer,Graphic Designer,2017-04-25 16:54:10,Master's degree,Great job!,4,Sales
Jeni McSkin,jmcskin79@scribd.com,Manager,Customer Service Representative,2017-10-22 09:24:24,Master's degree,Interesting topic.,14,Marketing
Freddy Colafate,fcolafate7a@princeton.edu,Manager,Customer Service Representative,2017-11-30 13:36:56,Work experience,Well done!,7,Human Resources
Brett Chapiro,bchapiro7b@squarespace.com,admin,Marketing Specialist,2013-11-06 02:19:06,Master's degree,Great job!,14,Marketing
Hilary Fumagall,hfumagall7c@tumblr.com,admin,Graphic Designer,2010-02-05 21:56:18,Master's degree,Nice work!,2,Finance
Shaylyn Albers,salbers7d@multiply.com,Customer Service Representative,Marketing Specialist,2011-05-16 11:53:53,Master's degree,Interesting topic.,6,Operations
Margeaux Peasegood,mpeasegood7e@about.com,Accountant,Software Engineer,2010-06-21 11:25:58,Work experience,Keep it up!,4,Operations
Hunfredo Bygreaves,hbygreaves7f@goo.ne.jp,Sales Associate,Software Engineer,2015-01-27 17:11:56,Bachelor's degree,Keep it up!,8,Human Resources
Leonardo Crysell,lcrysell7g@answers.com,Manager,Graphic Designer,2012-09-04 16:45:48,Work experience,Keep it up!,20,Sales
Hatty MacDunleavy,hmacdunleavy7h@dmoz.org,Customer Service Representative,Marketing Specialist,2014-11-08 15:44:31,Bachelor's degree,Great job!,0,Human Resources
Caren Coldman,ccoldman7i@noaa.gov,admin,Graphic Designer,2014-02-23 16:16:45,Certification,Great job!,13,Human Resources
Darrin Berkley,dberkley7j@wikimedia.org,Customer Service Representative,Customer Service Representative,2020-04-01 04:40:51,PhD,Nice work!,2,Marketing
Merilee Petrovsky,mpetrovsky7k@hubpages.com,Accountant,Software Engineer,2010-08-04 08:30:21,Bachelor's degree,Interesting topic.,6,Marketing
Wilhelmine Birchenhead,wbirchenhead7l@wiley.com,Engineer,Marketing Specialist,2018-10-22 09:54:04,PhD,Nice work!,2,Marketing
Catlin Bussy,cbussy7m@shinystat.com,Accountant,Marketing Specialist,2015-01-12 04:21:11,Certification,Nice work!,6,Marketing
Bren Kellart,bkellart7n@reference.com,admin,Sales Manager,2011-06-30 11:39:39,PhD,Keep it up!,15,Sales
Montgomery Spink,mspink7o@a8.net,Accountant,Sales Manager,2013-04-10 23:31:25,Master's degree,Well done!,2,Marketing
Sheela Whitlock,swhitlock7p@msn.com,Customer Service Representative,Sales Manager,2021-02-27 12:35:55,Work experience,Keep it up!,0,Finance
Harlin Scarlett,hscarlett7q@npr.org,Engineer,Graphic Designer,2012-10-21 13:54:28,Certification,Great job!,2,Finance
Gunilla Hasnney,ghasnney7r@digg.com,Engineer,Graphic Designer,2012-07-24 00:32:51,Work experience,Nice work!,8,Operations
Sapphire Frangione,sfrangione7s@yahoo.co.jp,Accountant,Sales Manager,2017-12-17 04:04:30,Master's degree,Keep it up!,5,Sales
Geraldine Eddy,geddy7t@skype.com,Sales Associate,Marketing Specialist,2021-08-07 02:50:47,Bachelor's degree,Well done!,5,Marketing
Shelden Menguy,smenguy7u@shop-pro.jp,admin,Sales Manager,2020-05-25 04:51:16,PhD,Well done!,4,Finance
Aigneis Alishoner,aalishoner7v@prnewswire.com,admin,Graphic Designer,2017-11-20 20:55:50,Bachelor's degree,Well done!,11,Marketing
Neila Standering,nstandering7w@surveymonkey.com,admin,Software Engineer,2020-06-05 10:18:55,Work experience,Well done!,11,Finance
Brandise Robillart,brobillart7x@forbes.com,Customer Service Representative,Graphic Designer,2017-06-22 17:25:00,Certification,Keep it up!,0,Finance
Levey Yakobowitch,lyakobowitch7y@washingtonpost.com,Customer Service Representative,Marketing Specialist,2019-08-25 21:39:58,Certification,Keep it up!,4,Finance
Doreen Cramphorn,dcramphorn7z@patch.com,Accountant,Graphic Designer,2015-10-11 07:09:34,PhD,Well done!,20,Human Resources
Sadella Sanzio,ssanzio80@cisco.com,Manager,Customer Service Representative,2018-07-07 04:43:40,Work experience,Interesting topic.,18,Human Resources
Boycie Crate,bcrate81@nifty.com,Customer Service Representative,Sales Manager,2019-04-15 20:04:38,Work experience,Keep it up!,6,Human Resources
Alain Tafani,atafani82@businessinsider.com,Customer Service Representative,Sales Manager,2015-11-14 17:45:38,PhD,Well done!,16,Sales
Seymour Frichley,sfrichley83@globo.com,Customer Service Representative,Customer Service Representative,2017-08-19 10:29:50,Master's degree,Keep it up!,16,Finance
Heath Sauvain,hsauvain84@dyndns.org,Sales Associate,Customer Service Representative,2015-03-27 17:15:42,Work experience,Nice work!,15,Marketing
Phyllys Tippell,ptippell85@wired.com,admin,Marketing Specialist,2013-05-05 13:59:22,Bachelor's degree,Well done!,10,Operations
Devi Dusting,ddusting86@cocolog-nifty.com,Manager,Sales Manager,2021-03-20 14:16:32,Work experience,Great job!,4,Finance
Zorah Staneland,zstaneland87@microsoft.com,Accountant,Customer Service Representative,2016-02-03 20:25:27,Bachelor's degree,Nice work!,8,Human Resources
Shelli Heald,sheald88@sbwire.com,Engineer,Marketing Specialist,2019-11-06 20:20:06,Certification,Nice work!,18,Marketing
Rupert Burbank,rburbank89@cpanel.net,Manager,Sales Manager,2016-07-25 08:26:29,Work experience,Interesting topic.,4,Operations
Keelia Bour,kbour8a@flickr.com,Customer Service Representative,Software Engineer,2016-05-03 18:34:11,Bachelor's degree,Keep it up!,8,Operations
Desirae Garroway,dgarroway8b@newsvine.com,Engineer,Marketing Specialist,2011-12-25 11:47:00,Certification,Keep it up!,4,Finance
Wayland MacGarvey,wmacgarvey8c@noaa.gov,Engineer,Software Engineer,2011-09-30 13:38:07,Bachelor's degree,Well done!,18,Human Resources
Jo Georgiev,jgeorgiev8d@independent.co.uk,Engineer,Marketing Specialist,2017-09-27 14:44:42,Certification,Interesting topic.,3,Finance
Jacqueline Rolley,jrolley8e@hugedomains.com,Manager,Marketing Specialist,2019-10-02 06:33:40,PhD,Well done!,11,Finance
Amye Jannequin,ajannequin8f@aboutads.info,admin,Graphic Designer,2012-03-25 23:32:21,Bachelor's degree,Keep it up!,4,Sales
Hedwiga Bowmen,hbowmen8g@devhub.com,Engineer,Software Engineer,2013-06-29 04:40:15,Master's degree,Great job!,17,Human Resources
Art Kluger,akluger8h@free.fr,Engineer,Sales Manager,2018-02-15 02:23:04,Master's degree,Well done!,19,Sales
Farand Trounce,ftrounce8i@unblog.fr,Sales Associate,Customer Service Representative,2018-02-13 04:26:06,Bachelor's degree,Keep it up!,13,Finance
Rupert Silcox,rsilcox8j@typepad.com,admin,Customer Service Representative,2016-11-04 14:06:08,Master's degree,Great job!,3,Finance
Ardene Kenan,akenan8k@kickstarter.com,admin,Customer Service Representative,2019-10-22 05:50:48,Bachelor's degree,Keep it up!,2,Marketing
Gerick O'Dempsey,godempsey8l@surveymonkey.com,Manager,Customer Service Representative,2017-02-18 18:46:16,Master's degree,Interesting topic.,3,Human Resources
Amii O'Feeny,aofeeny8m@google.co.jp,Accountant,Customer Service Representative,2011-04-11 12:37:21,Work experience,Nice work!,15,Operations
Berti Dadswell,bdadswell8n@princeton.edu,Manager,Software Engineer,2010-03-10 17:03:28,Work experience,Nice work!,14,Sales
Torey De Stoop,tde8o@linkedin.com,Sales Associate,Sales Manager,2016-08-23 22:46:36,Certification,Interesting topic.,19,Operations
Allsun Rihosek,arihosek8p@bloomberg.com,admin,Software Engineer,2011-06-06 00:46:29,Certification,Keep it up!,3,Operations
Robinett Mohring,rmohring8q@last.fm,Manager,Marketing Specialist,2012-02-09 03:13:06,Certification,Well done!,4,Marketing
Manya Bilt,mbilt8r@so-net.ne.jp,Accountant,Software Engineer,2015-11-23 17:55:27,Bachelor's degree,Keep it up!,12,Operations
Brittni Jaggs,bjaggs8s@princeton.edu,Customer Service Representative,Graphic Designer,2014-10-04 03:07:53,Work experience,Great job!,1,Finance
Bartel Ferriby,bferriby8t@wikispaces.com,Manager,Graphic Designer,2016-04-16 17:24:00,Bachelor's degree,Keep it up!,3,Finance
Anatollo Cockin,acockin8u@unc.edu,Manager,Customer Service Representative,2010-07-12 20:19:19,Work experience,Interesting topic.,8,Marketing
Pavia Cobbledick,pcobbledick8v@tripod.com,Manager,Graphic Designer,2021-05-10 02:35:07,Work experience,Interesting topic.,12,Human Resources
Reid Fomichkin,rfomichkin8w@newsvine.com,Sales Associate,Marketing Specialist,2019-01-13 04:14:47,Bachelor's degree,Great job!,18,Finance
Mahmud Sprague,msprague8x@deliciousdays.com,Engineer,Marketing Specialist,2014-12-17 12:21:22,Work experience,Nice work!,20,Marketing
Ettore Pallin,epallin8y@berkeley.edu,admin,Software Engineer,2010-08-04 11:42:22,PhD,Well done!,20,Sales
Osborne Tuxsell,otuxsell8z@washington.edu,Engineer,Marketing Specialist,2010-09-14 05:06:21,PhD,Nice work!,20,Sales
Fredia Goeff,fgoeff90@goodreads.com,admin,Graphic Designer,2010-10-16 11:32:39,Work experience,Great job!,8,Operations
Reece Clarage,rclarage91@odnoklassniki.ru,admin,Marketing Specialist,2016-03-02 07:45:24,Certification,Nice work!,2,Human Resources
Bobbye Manton,bmanton92@epa.gov,Engineer,Software Engineer,2020-09-07 01:51:04,Work experience,Nice work!,13,Sales
Rod Broune,rbroune93@ask.com,admin,Customer Service Representative,2017-04-11 02:15:21,Work experience,Keep it up!,1,Human Resources
Hyacintha Betteriss,hbetteriss94@themeforest.net,Sales Associate,Customer Service Representative,2016-10-25 03:57:43,Work experience,Keep it up!,1,Marketing
Corenda Hanscombe,chanscombe95@webnode.com,Sales Associate,Software Engineer,2018-04-28 05:17:39,Master's degree,Interesting topic.,10,Operations
Angel Kantor,akantor96@seattletimes.com,admin,Sales Manager,2016-02-19 09:54:10,Bachelor's degree,Great job!,1,Operations
Lark Oswald,loswald97@techcrunch.com,Accountant,Sales Manager,2018-08-27 02:57:57,Master's degree,Interesting topic.,4,Finance
Linet Dybbe,ldybbe98@merriam-webster.com,admin,Graphic Designer,2012-10-25 09:44:20,PhD,Keep it up!,4,Sales
Kerrin Longwood,klongwood99@kickstarter.com,Manager,Customer Service Representative,2011-12-30 01:17:29,Certification,Nice work!,18,Marketing
Kristi Vala,kvala9a@plala.or.jp,Accountant,Sales Manager,2016-04-24 19:12:26,Work experience,Well done!,20,Human Resources
Catrina Shimoni,cshimoni9b@about.com,Manager,Graphic Designer,2020-11-13 23:46:52,Master's degree,Well done!,16,Finance
Consalve Sottell,csottell9c@huffingtonpost.com,admin,Customer Service Representative,2010-11-01 07:14:33,Certification,Great job!,7,Operations
Dolly Corter,dcorter9d@google.com.au,Manager,Customer Service Representative,2016-08-30 13:49:35,Bachelor's degree,Nice work!,10,Human Resources
Wynn Tennant,wtennant9e@yahoo.co.jp,Manager,Marketing Specialist,2013-01-20 18:45:23,Certification,Nice work!,17,Finance
Odette Bosomworth,obosomworth9f@phoca.cz,Accountant,Graphic Designer,2013-12-19 23:13:56,Master's degree,Well done!,10,Operations
Jarret McGaugan,jmcgaugan9g@oaic.gov.au,Manager,Customer Service Representative,2012-05-02 14:11:09,Certification,Interesting topic.,7,Operations
Clareta Insoll,cinsoll9h@cbc.ca,Engineer,Marketing Specialist,2019-02-03 10:25:59,PhD,Keep it up!,4,Operations
Margette Leglise,mleglise9i@networksolutions.com,Customer Service Representative,Graphic Designer,2015-10-05 13:11:06,Work experience,Great job!,1,Sales
Joana Codeman,jcodeman9j@nsw.gov.au,Sales Associate,Software Engineer,2018-02-11 21:58:37,Certification,Nice work!,15,Sales
Jade Tinklin,jtinklin9k@dell.com,Customer Service Representative,Sales Manager,2018-11-23 10:43:53,Work experience,Well done!,1,Operations
Susan Harker,sharker9l@furl.net,Sales Associate,Customer Service Representative,2011-09-29 11:23:04,Work experience,Great job!,4,Sales
Wilhelmina Jarritt,wjarritt9m@reuters.com,Accountant,Graphic Designer,2011-12-12 23:33:25,Bachelor's degree,Keep it up!,20,Finance
Francine Stollberger,fstollberger9n@apple.com,Manager,Marketing Specialist,2019-08-26 09:21:29,PhD,Great job!,3,Human Resources
Hugh Backsal,hbacksal9o@joomla.org,admin,Graphic Designer,2020-06-01 11:42:40,PhD,Great job!,18,Operations
Norman Pesticcio,npesticcio9p@yahoo.co.jp,admin,Customer Service Representative,2018-01-21 12:07:23,Work experience,Keep it up!,7,Sales
Hilly Palomba,hpalomba9q@liveinternet.ru,admin,Graphic Designer,2013-07-02 14:32:13,PhD,Great job!,9,Marketing
Reid Fayne,rfayne9r@nifty.com,Sales Associate,Customer Service Representative,2010-03-21 13:24:01,Bachelor's degree,Keep it up!,3,Finance
Faustina Kleinber,fkleinber9s@statcounter.com,Manager,Software Engineer,2012-07-26 22:58:54,Master's degree,Keep it up!,1,Sales
Alvy Fellibrand,afellibrand9t@ca.gov,Accountant,Sales Manager,2015-06-28 12:38:45,Master's degree,Well done!,8,Human Resources
Des De Biaggi,dde9u@youtube.com,Engineer,Software Engineer,2020-12-10 03:03:53,Certification,Well done!,8,Marketing
Ruprecht Celez,rcelez9v@google.nl,Accountant,Graphic Designer,2014-07-25 04:09:03,Work experience,Interesting topic.,10,Sales
Murdock Glazier,mglazier9w@tiny.cc,Accountant,Sales Manager,2012-07-14 08:24:27,Work experience,Great job!,16,Human Resources
Georgetta Suttie,gsuttie9x@mac.com,admin,Software Engineer,2010-11-25 16:12:15,Certification,Keep it up!,20,Human Resources
Farlee Mackney,fmackney9y@cbc.ca,Sales Associate,Sales Manager,2010-01-06 01:16:35,Master's degree,Interesting topic.,11,Sales
Shantee Petford,spetford9z@ning.com,admin,Software Engineer,2021-06-29 15:32:54,Work experience,Keep it up!,17,Finance
Wood Velareal,wvelareala0@4shared.com,Accountant,Customer Service Representative,2018-02-09 18:12:06,Master's degree,Interesting topic.,20,Marketing
Marylou Garrow,mgarrowa1@examiner.com,Engineer,Customer Service Representative,2012-07-03 13:57:49,Work experience,Keep it up!,2,Sales
Morgan Roycroft,mroycrofta2@youku.com,Manager,Graphic Designer,2017-03-31 08:37:55,Master's degree,Keep it up!,11,Finance
Zahara Batrick,zbatricka3@unblog.fr,Accountant,Software Engineer,2020-08-20 12:29:19,Work experience,Keep it up!,11,Sales
Gabey Ceschini,gceschinia4@printfriendly.com,admin,Marketing Specialist,2021-03-24 05:47:49,Master's degree,Well done!,19,Sales
Caresse Murrhaupt,cmurrhaupta5@simplemachines.org,Engineer,Marketing Specialist,2011-08-15 17:23:31,Certification,Great job!,16,Sales
Burl Donoher,bdonohera6@weibo.com,Manager,Graphic Designer,2016-07-24 20:52:43,PhD,Interesting topic.,1,Marketing
Malchy Thorneloe,mthorneloea7@illinois.edu,Customer Service Representative,Sales Manager,2015-12-13 15:00:44,Bachelor's degree,Nice work!,19,Human Resources
Estell Mussen,emussena8@unesco.org,Customer Service Representative,Software Engineer,2020-04-07 06:15:30,Certification,Keep it up!,18,Finance
Jemmy McKinnon,jmckinnona9@deviantart.com,Accountant,Marketing Specialist,2010-02-28 04:56:52,Master's degree,Interesting topic.,16,Human Resources
Sergeant Josephs,sjosephsaa@wikipedia.org,admin,Graphic Designer,2010-10-10 10:42:17,Certification,Interesting topic.,19,Sales
Adelina Sarrell,asarrellab@home.pl,Customer Service Representative,Graphic Designer,2021-11-03 21:37:28,Bachelor's degree,Keep it up!,10,Operations
Con Cissen,ccissenac@etsy.com,Sales Associate,Graphic Designer,2021-02-04 19:27:29,Work experience,Interesting topic.,9,Sales
Kerry Bavridge,kbavridgead@xrea.com,Accountant,Software Engineer,2021-12-15 18:22:42,Master's degree,Great job!,7,Operations
Mack Munt,mmuntae@cargocollective.com,Engineer,Marketing Specialist,2018-02-13 10:20:49,PhD,Keep it up!,7,Sales
Rodney Goodreid,rgoodreidaf@bing.com,Engineer,Sales Manager,2019-02-27 10:36:02,Master's degree,Great job!,18,Sales
Virginia Duffill,vduffillag@youku.com,Engineer,Customer Service Representative,2020-04-28 19:27:05,Certification,Well done!,7,Sales
Hakim Hughs,hhughsah@shutterfly.com,Sales Associate,Customer Service Representative,2013-04-29 20:34:39,Work experience,Interesting topic.,10,Finance
Gib Denys,gdenysai@army.mil,Sales Associate,Marketing Specialist,2015-07-27 10:52:19,Work experience,Nice work!,10,Human Resources
Bryanty Stanlick,bstanlickaj@hp.com,Accountant,Marketing Specialist,2010-05-18 10:17:28,Master's degree,Well done!,19,Human Resources
Bald Baniard,bbaniardak@webnode.com,Sales Associate,Sales Manager,2015-06-05 03:50:48,Master's degree,Nice work!,18,Marketing
Hervey Dreschler,hdreschleral@over-blog.com,Sales Associate,Sales Manager,2011-06-12 23:19:55,Certification,Well done!,5,Human Resources
Marya Courtliff,mcourtliffam@typepad.com,admin,Software Engineer,2020-03-10 20:31:13,Certification,Great job!,12,Human Resources
Starlin Goodnow,sgoodnowan@theguardian.com,Engineer,Graphic Designer,2014-07-20 05:56:48,Certification,Well done!,6,Operations
Annecorinne Tilby,atilbyao@biblegateway.com,Customer Service Representative,Customer Service Representative,2010-12-08 03:14:05,Bachelor's degree,Great job!,7,Operations
Alta Dolan,adolanap@unesco.org,Sales Associate,Marketing Specialist,2010-02-15 13:15:28,Bachelor's degree,Great job!,18,Human Resources
Mauricio Kunes,mkunesaq@linkedin.com,Customer Service Representative,Software Engineer,2014-04-09 03:58:10,Certification,Well done!,6,Marketing
Cammi Nare,cnarear@mail.ru,Manager,Sales Manager,2011-01-27 08:29:08,Bachelor's degree,Nice work!,7,Sales
Catherin Kisbey,ckisbeyas@harvard.edu,Engineer,Graphic Designer,2018-09-17 20:33:57,Master's degree,Interesting topic.,8,Sales
Andrei Keslake,akeslakeat@123-reg.co.uk,admin,Sales Manager,2014-06-18 01:09:35,Certification,Keep it up!,20,Sales
Dion McDavid,dmcdavidau@google.com.hk,Accountant,Sales Manager,2016-08-09 09:34:30,Work experience,Keep it up!,15,Operations
Stillman Djurisic,sdjurisicav@nps.gov,Customer Service Representative,Software Engineer,2016-05-06 10:52:27,Master's degree,Great job!,6,Operations
Dewitt Raw,drawaw@angelfire.com,Engineer,Graphic Designer,2012-08-17 13:15:12,PhD,Interesting topic.,5,Sales
Annadiane Rasch,araschax@cpanel.net,Manager,Sales Manager,2013-05-24 15:47:28,Bachelor's degree,Great job!,5,Operations
Ramon Strothers,rstrothersay@odnoklassniki.ru,Customer Service Representative,Marketing Specialist,2013-06-26 17:03:57,Master's degree,Nice work!,9,Human Resources
Ninetta Forlong,nforlongaz@odnoklassniki.ru,Manager,Marketing Specialist,2019-04-27 07:22:12,PhD,Keep it up!,11,Finance
Rudolfo Cleall,rcleallb0@sitemeter.com,admin,Graphic Designer,2014-09-13 19:53:39,PhD,Keep it up!,7,Sales
Nanon Linkleter,nlinkleterb1@pbs.org,Customer Service Representative,Software Engineer,2017-07-27 17:39:41,Bachelor's degree,Interesting topic.,18,Finance
Serena Spera,ssperab2@usda.gov,Engineer,Graphic Designer,2012-04-05 01:05:51,PhD,Well done!,3,Operations
Dennie Rowlin,drowlinb3@opensource.org,Customer Service Representative,Graphic Designer,2012-10-14 11:24:48,Certification,Keep it up!,5,Operations
Jacky Tregoning,jtregoningb4@tuttocitta.it,Customer Service Representative,Marketing Specialist,2010-12-07 17:23:53,Bachelor's degree,Interesting topic.,16,Marketing
Glori Pinxton,gpinxtonb5@wiley.com,Accountant,Customer Service Representative,2021-10-23 16:22:03,Certification,Great job!,14,Finance
Austina Tetlow,atetlowb6@behance.net,Customer Service Representative,Sales Manager,2015-10-27 09:24:33,Certification,Well done!,17,Human Resources
Ruy Shivlin,rshivlinb7@bloglines.com,Manager,Graphic Designer,2012-03-01 19:07:35,Bachelor's degree,Keep it up!,11,Operations
Avram Hurley,ahurleyb8@auda.org.au,admin,Sales Manager,2021-02-01 04:29:10,Master's degree,Great job!,0,Human Resources
Effie Rawsthorn,erawsthornb9@alexa.com,admin,Sales Manager,2020-02-03 04:16:52,Certification,Great job!,18,Marketing
Prue Shrimplin,pshrimplinba@yellowbook.com,Engineer,Customer Service Representative,2012-08-28 20:50:23,Certification,Well done!,16,Human Resources
Christian Finey,cfineybb@tuttocitta.it,Engineer,Software Engineer,2015-11-19 22:34:08,Bachelor's degree,Keep it up!,20,Sales
Cross Follet,cfolletbc@goo.gl,Accountant,Customer Service Representative,2020-05-17 11:32:55,Certification,Keep it up!,2,Human Resources
Raddy Liles,rlilesbd@tamu.edu,Engineer,Sales Manager,2014-06-27 20:46:48,Work experience,Interesting topic.,0,Sales
Dre Dunnion,ddunnionbe@wunderground.com,admin,Graphic Designer,2013-07-04 11:04:52,Bachelor's degree,Nice work!,19,Human Resources
Karlik Mee,kmeebf@uol.com.br,Accountant,Software Engineer,2010-07-26 03:09:54,Certification,Keep it up!,4,Marketing
Edith Colthard,ecolthardbg@skype.com,Engineer,Graphic Designer,2011-05-27 08:38:58,Master's degree,Interesting topic.,0,Marketing
Melania Bromehead,mbromeheadbh@si.edu,Sales Associate,Sales Manager,2012-05-04 03:33:50,Bachelor's degree,Well done!,13,Operations
Shea Priel,sprielbi@ehow.com,Sales Associate,Customer Service Representative,2014-04-17 04:38:34,Certification,Nice work!,1,Human Resources
Kaile MacColgan,kmaccolganbj@imdb.com,Customer Service Representative,Sales Manager,2013-12-04 21:44:37,PhD,Nice work!,11,Operations
Ame Nockolds,anockoldsbk@reddit.com,Accountant,Graphic Designer,2016-07-03 07:18:46,Bachelor's degree,Great job!,13,Marketing
Prescott Beahan,pbeahanbl@mtv.com,admin,Software Engineer,2017-04-22 22:11:11,Bachelor's degree,Keep it up!,15,Sales
Winn Maass,wmaassbm@cargocollective.com,Manager,Marketing Specialist,2018-12-15 16:15:36,Work experience,Keep it up!,18,Sales
Constanta Boate,cboatebn@ocn.ne.jp,admin,Customer Service Representative,2017-10-30 14:55:26,Master's degree,Interesting topic.,7,Finance
Jordana Radage,jradagebo@altervista.org,Customer Service Representative,Sales Manager,2015-12-21 05:46:04,Work experience,Well done!,16,Operations
Veradis Widocks,vwidocksbp@hubpages.com,Sales Associate,Sales Manager,2014-09-09 20:57:24,Bachelor's degree,Interesting topic.,18,Marketing
Merla Glyssanne,mglyssannebq@buzzfeed.com,Sales Associate,Sales Manager,2013-07-15 09:12:45,Work experience,Great job!,4,Finance
Kele De Bell,kdebr@google.es,Sales Associate,Marketing Specialist,2019-09-23 03:58:22,Work experience,Keep it up!,18,Human Resources
Padget Fatscher,pfatscherbs@com.com,Sales Associate,Marketing Specialist,2010-12-27 20:18:28,Work experience,Keep it up!,7,Marketing
Hinda Eldred,heldredbt@shutterfly.com,Accountant,Graphic Designer,2021-06-15 01:27:04,Master's degree,Keep it up!,16,Finance
Gloria Whife,gwhifebu@dot.gov,Accountant,Software Engineer,2019-01-17 18:30:37,Certification,Interesting topic.,6,Sales
Beck Ellul,bellulbv@ft.com,Manager,Marketing Specialist,2021-12-24 23:16:13,PhD,Nice work!,4,Operations
Ailis Delwater,adelwaterbw@dailymail.co.uk,admin,Marketing Specialist,2016-03-18 04:52:20,Certification,Nice work!,10,Sales
Papageno Kiddle,pkiddlebx@miitbeian.gov.cn,admin,Graphic Designer,2017-11-12 02:33:51,Work experience,Keep it up!,18,Marketing
Tait Thwaite,tthwaiteby@typepad.com,admin,Sales Manager,2017-10-16 00:46:34,Certification,Nice work!,4,Sales
Daron Malecky,dmaleckybz@google.co.uk,Manager,Sales Manager,2010-01-23 21:25:35,Master's degree,Well done!,12,Sales
Brittney Klimus,bklimusc0@dot.gov,Engineer,Software Engineer,2017-07-06 22:22:34,Work experience,Well done!,12,Sales
Amye Exley,aexleyc1@uol.com.br,Engineer,Customer Service Representative,2021-07-08 09:54:17,Master's degree,Nice work!,0,Human Resources
Appolonia Gronow,agronowc2@hubpages.com,Sales Associate,Customer Service Representative,2014-09-21 20:34:37,PhD,Great job!,9,Marketing
Pavlov MacDonell,pmacdonellc3@gravatar.com,Sales Associate,Customer Service Representative,2019-02-11 11:42:54,Work experience,Keep it up!,8,Human Resources
Dieter Doerling,ddoerlingc4@nydailynews.com,Sales Associate,Sales Manager,2020-09-09 23:27:47,Certification,Keep it up!,5,Sales
Chance O'Drought,codroughtc5@behance.net,Manager,Software Engineer,2016-04-08 01:47:28,Work experience,Well done!,10,Sales
Clementius Finlayson,cfinlaysonc6@wikia.com,Accountant,Marketing Specialist,2012-06-06 23:56:02,PhD,Interesting topic.,3,Marketing
Lorrayne Shere,lsherec7@bloglovin.com,Customer Service Representative,Graphic Designer,2016-02-17 06:32:04,Bachelor's degree,Nice work!,19,Finance
Tybie Le Hucquet,tlec8@themeforest.net,Customer Service Representative,Marketing Specialist,2012-03-14 23:21:00,Master's degree,Interesting topic.,9,Sales
Lem Pollington,lpollingtonc9@huffingtonpost.com,Engineer,Sales Manager,2020-05-16 16:19:55,Work experience,Great job!,12,Sales
Gib Sturch,gsturchca@sciencedirect.com,Sales Associate,Customer Service Representative,2014-02-04 02:02:35,Certification,Keep it up!,18,Finance
Becca McSkin,bmcskincb@g.co,Engineer,Graphic Designer,2013-10-15 07:08:07,Certification,Great job!,1,Operations
Manya Rosso,mrossocc@bluehost.com,Engineer,Customer Service Representative,2011-02-25 15:39:57,Master's degree,Great job!,8,Marketing
Carena Ickovitz,cickovitzcd@ezinearticles.com,Manager,Marketing Specialist,2012-02-02 03:38:55,Bachelor's degree,Great job!,17,Sales
Cad Niaves,cniavesce@mit.edu,Accountant,Graphic Designer,2019-02-27 04:07:27,Bachelor's degree,Nice work!,10,Operations
Durand Kornacki,dkornackicf@army.mil,Manager,Sales Manager,2015-12-13 03:02:03,Master's degree,Interesting topic.,2,Sales
Langsdon Thornham,lthornhamcg@macromedia.com,Accountant,Sales Manager,2020-01-05 05:26:25,PhD,Great job!,4,Human Resources
Sigismundo Grenkov,sgrenkovch@wisc.edu,admin,Software Engineer,2016-12-26 23:19:51,Work experience,Interesting topic.,10,Human Resources
Megan Audiss,maudissci@flickr.com,Manager,Marketing Specialist,2018-01-13 13:43:47,Work experience,Keep it up!,18,Human Resources
Margie Langtry,mlangtrycj@example.com,Engineer,Sales Manager,2021-01-04 15:09:34,Bachelor's degree,Interesting topic.,17,Operations
Marvin Woodland,mwoodlandck@trellian.com,Customer Service Representative,Graphic Designer,2016-05-18 17:34:29,Work experience,Well done!,3,Operations
Levey Aldcorn,laldcorncl@ft.com,Sales Associate,Graphic Designer,2019-09-05 16:03:02,Certification,Keep it up!,4,Marketing
Marillin Trask,mtraskcm@harvard.edu,Engineer,Graphic Designer,2018-12-30 10:54:29,Master's degree,Well done!,5,Human Resources
Gaynor Charlo,gcharlocn@gnu.org,Accountant,Software Engineer,2017-09-24 01:41:10,PhD,Nice work!,7,Operations
Lilla Yurov,lyurovco@is.gd,Accountant,Software Engineer,2012-12-25 11:22:13,Work experience,Interesting topic.,9,Human Resources
Clemmy Shepton,csheptoncp@instagram.com,Customer Service Representative,Software Engineer,2019-02-18 10:28:29,Certification,Interesting topic.,6,Operations
Ailee Luppitt,aluppittcq@unesco.org,Accountant,Marketing Specialist,2014-10-28 14:20:28,PhD,Nice work!,20,Sales
Teena Van Niekerk,tvancr@yahoo.co.jp,Manager,Software Engineer,2015-04-01 14:03:32,Work experience,Great job!,9,Sales
Charil Littlefair,clittlefaircs@dropbox.com,Customer Service Representative,Software Engineer,2019-05-05 10:10:05,Master's degree,Keep it up!,1,Operations
Claudetta Tolefree,ctolefreect@skyrock.com,Accountant,Software Engineer,2021-02-27 10:05:32,Bachelor's degree,Nice work!,12,Marketing
Renate Causer,rcausercu@craigslist.org,Accountant,Customer Service Representative,2015-02-19 20:20:03,Work experience,Keep it up!,18,Operations
Alayne Marishenko,amarishenkocv@themeforest.net,Manager,Marketing Specialist,2019-08-03 22:17:39,Certification,Great job!,19,Marketing
Arri Molineaux,amolineauxcw@ask.com,admin,Sales Manager,2017-08-11 15:52:15,Certification,Well done!,2,Sales
Torrey Abelevitz,tabelevitzcx@elpais.com,admin,Graphic Designer,2011-05-25 11:33:49,PhD,Keep it up!,20,Operations
Gratia Ivashintsov,givashintsovcy@tripadvisor.com,Accountant,Marketing Specialist,2021-02-25 19:30:35,Bachelor's degree,Keep it up!,6,Finance
Lianne Andries,landriescz@wunderground.com,Accountant,Software Engineer,2020-04-04 21:42:13,Certification,Well done!,3,Sales
Joshia Mudle,jmudled0@kickstarter.com,Sales Associate,Sales Manager,2016-04-28 13:41:34,Work experience,Nice work!,8,Finance
Opal Bear,obeard1@google.nl,Customer Service Representative,Graphic Designer,2020-01-12 20:02:58,PhD,Great job!,11,Marketing
Lanie Fackrell,lfackrelld2@over-blog.com,Manager,Sales Manager,2018-08-16 00:45:57,Work experience,Great job!,10,Finance
Krista Marriot,kmarriotd3@webnode.com,Engineer,Graphic Designer,2013-05-12 07:31:20,PhD,Great job!,8,Sales
Brennan Kirdsch,bkirdschd4@discuz.net,Engineer,Marketing Specialist,2013-11-07 17:48:21,Master's degree,Great job!,9,Marketing
Byrle Tamburi,btamburid5@go.com,admin,Customer Service Representative,2020-10-08 10:12:44,Master's degree,Well done!,3,Finance
Cindie Sayle,csayled6@mozilla.org,admin,Software Engineer,2015-08-10 14:44:58,Bachelor's degree,Keep it up!,0,Operations
Daile Dunwoody,ddunwoodyd7@fda.gov,admin,Customer Service Representative,2017-01-27 01:21:44,Certification,Nice work!,9,Operations
Elsa Leopold,eleopoldd8@technorati.com,Sales Associate,Marketing Specialist,2012-05-11 23:40:23,Certification,Keep it up!,19,Marketing
Benedetto Hullett,bhullettd9@reddit.com,admin,Software Engineer,2013-05-11 13:20:07,PhD,Nice work!,7,Human Resources
Marleah Pedler,mpedlerda@youku.com,Customer Service Representative,Software Engineer,2019-06-19 20:12:12,Certification,Interesting topic.,13,Finance
Carmine Yallop,cyallopdb@bbb.org,Accountant,Sales Manager,2021-03-12 06:02:15,Certification,Well done!,17,Marketing
Adaline Kempe,akempedc@wsj.com,Manager,Sales Manager,2010-07-30 06:51:14,Work experience,Keep it up!,3,Human Resources
Rod Rapin,rrapindd@theatlantic.com,Sales Associate,Graphic Designer,2018-06-24 14:51:24,PhD,Keep it up!,7,Marketing
Waneta Behrend,wbehrendde@vinaora.com,Customer Service Representative,Sales Manager,2016-07-11 18:32:20,Work experience,Well done!,2,Sales
Lev Linnock,llinnockdf@hugedomains.com,Manager,Graphic Designer,2010-12-19 05:33:17,PhD,Interesting topic.,8,Operations
Leonie Aldington,laldingtondg@de.vu,Accountant,Sales Manager,2021-08-06 21:22:12,Work experience,Great job!,2,Finance
Odelia Ethington,oethingtondh@last.fm,admin,Sales Manager,2014-03-21 10:59:25,PhD,Great job!,4,Operations
Noemi Antonio,nantoniodi@theatlantic.com,Accountant,Marketing Specialist,2016-09-18 02:35:09,Certification,Well done!,5,Finance
Joy Asbury,jasburydj@smugmug.com,admin,Sales Manager,2010-01-07 04:52:50,Master's degree,Well done!,16,Finance
Adam MacBain,amacbaindk@webnode.com,admin,Customer Service Representative,2018-07-15 07:10:58,Work experience,Interesting topic.,18,Marketing
Eliot Ipplett,eipplettdl@angelfire.com,admin,Sales Manager,2013-05-30 09:29:50,Certification,Keep it up!,5,Marketing
Jenni Towndrow,jtowndrowdm@unesco.org,Customer Service Representative,Sales Manager,2021-06-07 08:55:11,Master's degree,Well done!,4,Operations
Heloise Frarey,hfrareydn@ca.gov,admin,Marketing Specialist,2013-04-20 22:56:12,Bachelor's degree,Interesting topic.,20,Operations
Deana Lamba,dlambado@wired.com,Accountant,Sales Manager,2014-06-24 23:06:43,Certification,Interesting topic.,6,Finance
Thadeus Gabbidon,tgabbidondp@nasa.gov,Accountant,Customer Service Representative,2011-07-23 10:39:48,Certification,Well done!,17,Finance
Jenine Filochov,jfilochovdq@amazon.co.jp,Sales Associate,Marketing Specialist,2014-07-17 00:49:42,Master's degree,Nice work!,18,Finance
Evonne Castro,ecastrodr@naver.com,Manager,Sales Manager,2017-09-26 03:23:08,Bachelor's degree,Interesting topic.,18,Finance
Janel Willshere,jwillshereds@addtoany.com,Engineer,Customer Service Representative,2018-05-21 20:41:24,Bachelor's degree,Great job!,10,Finance
Mischa Blanko,mblankodt@amazon.com,admin,Customer Service Representative,2021-02-28 08:12:55,Work experience,Well done!,9,Human Resources
Fred Bradbeer,fbradbeerdu@delicious.com,Engineer,Customer Service Representative,2020-08-23 03:52:12,Master's degree,Keep it up!,3,Human Resources
Lorie Larby,llarbydv@nih.gov,Manager,Sales Manager,2012-06-10 13:47:07,Certification,Nice work!,19,Sales
Rhea McGaffey,rmcgaffeydw@google.com.au,Sales Associate,Customer Service Representative,2019-11-14 22:15:06,Work experience,Interesting topic.,15,Sales
Elise Borman,ebormandx@skyrock.com,Accountant,Marketing Specialist,2020-04-26 22:18:26,Master's degree,Interesting topic.,12,Marketing
Merralee Dunne,mdunnedy@google.ca,admin,Customer Service Representative,2014-08-16 23:34:31,Work experience,Keep it up!,6,Marketing
Alwin Stern,asterndz@diigo.com,Engineer,Customer Service Representative,2019-11-15 06:24:39,Certification,Great job!,0,Human Resources
Ericka Makinson,emakinsone0@xinhuanet.com,Sales Associate,Software Engineer,2019-11-08 13:25:25,Master's degree,Interesting topic.,9,Sales
Neysa Trainer,ntrainere1@angelfire.com,Engineer,Graphic Designer,2017-06-25 11:21:42,Master's degree,Great job!,17,Operations
Geordie Miche,gmichee2@ehow.com,admin,Marketing Specialist,2015-03-09 02:30:25,PhD,Interesting topic.,2,Human Resources
Brana Forlong,bforlonge3@indiatimes.com,Sales Associate,Graphic Designer,2016-08-12 13:18:47,Work experience,Interesting topic.,11,Finance
Else Senett,esenette4@gov.uk,Manager,Software Engineer,2018-01-11 01:15:55,PhD,Keep it up!,10,Finance
Ogden Beldham,obeldhame5@answers.com,Sales Associate,Software Engineer,2012-09-15 16:52:59,Work experience,Keep it up!,12,Finance
Kile Pendleberry,kpendleberrye6@sina.com.cn,admin,Customer Service Representative,2015-03-28 18:39:20,Certification,Well done!,19,Human Resources
Stafani Riccard,sriccarde7@skyrock.com,Sales Associate,Customer Service Representative,2012-09-16 18:13:10,Certification,Keep it up!,1,Marketing
Auguste Fishlee,afishleee8@addtoany.com,admin,Sales Manager,2017-03-31 17:26:17,Master's degree,Great job!,20,Human Resources
Berget Bowmen,bbowmene9@t.co,Engineer,Customer Service Representative,2019-03-28 00:06:08,Certification,Great job!,20,Finance
Lind Whiles,lwhilesea@sina.com.cn,Manager,Graphic Designer,2021-03-24 07:39:05,PhD,Nice work!,10,Operations
Rafaelita Pasley,rpasleyeb@go.com,Manager,Marketing Specialist,2019-06-27 09:26:56,Work experience,Interesting topic.,13,Marketing
Ellswerth Yellowlee,eyellowleeec@scientificamerican.com,Manager,Marketing Specialist,2014-04-24 17:08:01,PhD,Well done!,5,Sales
Roland Michelet,rmicheleted@dion.ne.jp,admin,Sales Manager,2017-02-19 17:27:09,Certification,Interesting topic.,10,Operations
Ambrosi Warnock,awarnockee@behance.net,Customer Service Representative,Graphic Designer,2014-09-09 16:16:41,Certification,Interesting topic.,12,Operations
Codie Nayshe,cnaysheef@telegraph.co.uk,Accountant,Sales Manager,2013-07-22 16:32:41,PhD,Great job!,10,Sales
Fawnia Houlison,fhoulisoneg@nature.com,Accountant,Customer Service Representative,2019-01-14 15:04:44,Work experience,Interesting topic.,13,Sales
Kitti Corston,kcorstoneh@php.net,Accountant,Sales Manager,2020-02-12 23:29:24,Certification,Keep it up!,17,Finance
Celie Sallarie,csallarieei@jigsy.com,admin,Marketing Specialist,2010-09-23 17:46:30,Certification,Interesting topic.,2,Marketing
Raviv Meach,rmeachej@ucla.edu,admin,Sales Manager,2020-03-10 01:38:23,PhD,Well done!,7,Sales
Kin Jarad,kjaradek@webs.com,admin,Sales Manager,2017-11-30 17:56:29,Work experience,Nice work!,19,Marketing
Onida Archard,oarchardel@slideshare.net,Accountant,Software Engineer,2013-09-16 12:11:46,Certification,Great job!,5,Finance
Robinet Sauvain,rsauvainem@livejournal.com,Engineer,Graphic Designer,2014-09-16 09:43:46,Bachelor's degree,Well done!,11,Human Resources
Lura Chamberlain,lchamberlainen@buzzfeed.com,Engineer,Customer Service Representative,2010-03-29 23:00:56,Work experience,Great job!,2,Sales
Aeriela Kells,akellseo@cloudflare.com,Manager,Customer Service Representative,2019-07-23 08:05:22,Work experience,Great job!,18,Sales
Olva Peltz,opeltzep@howstuffworks.com,Customer Service Representative,Software Engineer,2015-01-24 04:13:06,Master's degree,Well done!,8,Marketing
Shirline Schrir,sschrireq@guardian.co.uk,Manager,Software Engineer,2011-06-17 21:21:57,Certification,Keep it up!,20,Finance
Rois Jerok,rjeroker@liveinternet.ru,admin,Sales Manager,2014-08-06 23:19:11,Master's degree,Great job!,20,Finance
Spencer Gilbanks,sgilbankses@drupal.org,Sales Associate,Graphic Designer,2014-01-26 00:48:35,Bachelor's degree,Nice work!,8,Human Resources
Anette Royson,aroysonet@trellian.com,Engineer,Software Engineer,2015-04-22 19:28:12,Certification,Interesting topic.,5,Finance
Marguerite Pachta,mpachtaeu@dailymotion.com,Accountant,Software Engineer,2013-04-19 16:49:18,Bachelor's degree,Interesting topic.,13,Operations
Gibby Sandom,gsandomev@ezinearticles.com,Sales Associate,Customer Service Representative,2011-06-07 17:52:37,Work experience,Interesting topic.,2,Sales
Letisha Terrett,lterrettew@bluehost.com,Customer Service Representative,Customer Service Representative,2020-08-05 01:28:29,Certification,Well done!,3,Operations
Conny Jantel,cjantelex@illinois.edu,Engineer,Marketing Specialist,2018-10-10 16:17:58,Bachelor's degree,Great job!,19,Marketing
Eddi Rodenborch,erodenborchey@blogtalkradio.com,Sales Associate,Sales Manager,2019-08-27 21:41:17,Work experience,Nice work!,0,Operations
Hamilton Yacobsohn,hyacobsohnez@lulu.com,Engineer,Sales Manager,2018-05-16 16:10:18,Bachelor's degree,Interesting topic.,0,Sales
Trudi Thickins,tthickinsf0@yahoo.co.jp,Accountant,Marketing Specialist,2017-03-06 13:49:28,Certification,Interesting topic.,19,Sales
Chancey Perrot,cperrotf1@dailymail.co.uk,Sales Associate,Sales Manager,2017-07-09 07:26:19,Bachelor's degree,Well done!,19,Sales
Albie Button,abuttonf2@unc.edu,Sales Associate,Marketing Specialist,2019-06-27 19:29:52,Master's degree,Well done!,17,Marketing
Odie Tolworthy,otolworthyf3@clickbank.net,Customer Service Representative,Sales Manager,2018-05-03 01:09:23,Work experience,Keep it up!,5,Finance
Rafaellle Attrie,rattrief4@jiathis.com,Accountant,Software Engineer,2016-12-16 01:29:12,Bachelor's degree,Great job!,7,Marketing
Egon Uridge,euridgef5@ed.gov,Engineer,Customer Service Representative,2020-10-26 06:28:43,PhD,Interesting topic.,15,Finance
Hyman McKeran,hmckeranf6@samsung.com,Manager,Marketing Specialist,2015-09-04 05:47:31,Master's degree,Nice work!,3,Human Resources
Wake Camus,wcamusf7@lulu.com,Engineer,Sales Manager,2011-08-06 09:22:52,Certification,Well done!,5,Marketing
Merrill Le Teve,mlef8@privacy.gov.au,Customer Service Representative,Software Engineer,2010-08-11 20:45:50,Bachelor's degree,Interesting topic.,20,Operations
Freddi Vaune,fvaunef9@joomla.org,Accountant,Sales Manager,2015-05-26 14:43:42,Certification,Well done!,4,Marketing
Newton Nunn,nnunnfa@senate.gov,Accountant,Graphic Designer,2012-03-08 11:36:11,PhD,Keep it up!,14,Finance
Jacob Wilsone,jwilsonefb@biglobe.ne.jp,Customer Service Representative,Marketing Specialist,2021-03-31 11:16:49,Bachelor's degree,Keep it up!,5,Marketing
Fiann Kleeman,fkleemanfc@ocn.ne.jp,admin,Marketing Specialist,2017-06-03 09:31:41,Bachelor's degree,Keep it up!,2,Operations
Spike Rossbrook,srossbrookfd@indiegogo.com,Manager,Marketing Specialist,2014-01-10 03:08:55,Work experience,Well done!,12,Finance
Irma Espinosa,iespinosafe@webmd.com,Accountant,Sales Manager,2018-06-23 00:27:29,PhD,Nice work!,14,Finance
Madelena Brickstock,mbrickstockff@uol.com.br,Sales Associate,Software Engineer,2015-07-29 07:57:01,Work experience,Well done!,1,Operations
Josephine Prendeville,jprendevillefg@mail.ru,Manager,Software Engineer,2019-09-24 08:42:55,Work experience,Interesting topic.,3,Marketing
Germain Barton,gbartonfh@gnu.org,Manager,Sales Manager,2010-05-05 10:38:57,PhD,Nice work!,17,Operations
Gottfried Pfeffel,gpfeffelfi@wunderground.com,Accountant,Software Engineer,2016-01-15 09:54:31,Work experience,Well done!,7,Marketing
Frieda Tonn,ftonnfj@github.io,Manager,Customer Service Representative,2019-02-23 19:05:01,Work experience,Well done!,3,Finance
Brynne McAndrew,bmcandrewfk@toplist.cz,Manager,Software Engineer,2018-02-16 11:04:39,Work experience,Keep it up!,9,Human Resources
Millicent Dungee,mdungeefl@seattletimes.com,Engineer,Sales Manager,2020-05-17 08:38:02,Work experience,Well done!,16,Finance
Rosetta Ayton,raytonfm@merriam-webster.com,Manager,Marketing Specialist,2014-10-06 04:23:27,Bachelor's degree,Keep it up!,3,Operations
Damon Drable,ddrablefn@hhs.gov,Accountant,Software Engineer,2019-12-08 17:55:43,Master's degree,Interesting topic.,0,Finance
Arlette Tavner,atavnerfo@infoseek.co.jp,Sales Associate,Sales Manager,2020-09-03 13:08:28,Master's degree,Nice work!,15,Human Resources
Sofie Dockrell,sdockrellfp@diigo.com,Manager,Software Engineer,2021-12-12 05:51:42,Certification,Nice work!,14,Operations
Gary Innocent,ginnocentfq@instagram.com,Customer Service Representative,Sales Manager,2016-05-05 19:08:14,Bachelor's degree,Great job!,14,Operations
Ettore Fearnsides,efearnsidesfr@deviantart.com,Customer Service Representative,Graphic Designer,2016-03-16 10:29:20,Bachelor's degree,Great job!,6,Sales
Kerry Tarling,ktarlingfs@facebook.com,Customer Service Representative,Software Engineer,2012-08-19 13:18:36,Master's degree,Great job!,3,Marketing
Meris Fairfoul,mfairfoulft@artisteer.com,Engineer,Marketing Specialist,2019-12-23 14:45:53,Master's degree,Nice work!,17,Finance
Obadiah Sporton,osportonfu@ebay.co.uk,Engineer,Graphic Designer,2015-10-31 08:04:36,Certification,Great job!,5,Sales
Gayleen Pre,gprefv@bandcamp.com,Sales Associate,Software Engineer,2016-10-07 14:07:32,Bachelor's degree,Keep it up!,16,Operations
Leanor Procter,lprocterfw@blogger.com,Customer Service Representative,Software Engineer,2014-12-19 07:37:58,Certification,Keep it up!,14,Operations
Rick Boniface,rbonifacefx@unicef.org,Manager,Sales Manager,2016-02-13 17:08:04,Work experience,Great job!,9,Human Resources
Frederic Rawnsley,frawnsleyfy@skype.com,Sales Associate,Software Engineer,2019-08-11 21:22:46,Bachelor's degree,Nice work!,20,Operations
Ogdon Burnell,oburnellfz@163.com,Manager,Customer Service Representative,2015-02-19 01:47:55,Master's degree,Interesting topic.,5,Sales
Annnora Cours,acoursg0@goo.gl,admin,Software Engineer,2018-08-09 19:55:52,Master's degree,Keep it up!,12,Human Resources
Pavlov McBain,pmcbaing1@myspace.com,Sales Associate,Marketing Specialist,2011-10-11 21:40:48,Work experience,Great job!,15,Sales
Dredi Gowers,dgowersg2@amazon.de,Customer Service Representative,Software Engineer,2016-11-01 17:08:24,Work experience,Well done!,13,Finance
Jozef Vickars,jvickarsg3@godaddy.com,Customer Service Representative,Sales Manager,2016-04-22 03:16:32,Bachelor's degree,Great job!,1,Sales
Clair Stanlick,cstanlickg4@squarespace.com,Customer Service Representative,Graphic Designer,2015-07-29 05:25:45,Bachelor's degree,Interesting topic.,4,Operations
Heindrick Dowden,hdowdeng5@tumblr.com,Manager,Customer Service Representative,2011-01-06 16:32:57,PhD,Well done!,2,Finance
Adriaens Hazelgrove,ahazelgroveg6@ed.gov,Sales Associate,Marketing Specialist,2010-11-19 04:43:10,Work experience,Keep it up!,4,Operations
Eileen Grimstead,egrimsteadg7@toplist.cz,Manager,Software Engineer,2010-05-13 14:41:43,Work experience,Well done!,8,Human Resources
Emelda Pullen,epulleng8@bigcartel.com,admin,Sales Manager,2014-02-08 01:37:44,Work experience,Interesting topic.,20,Sales
Dewitt Neeve,dneeveg9@issuu.com,Sales Associate,Software Engineer,2016-05-20 19:05:50,Certification,Interesting topic.,12,Human Resources
Clara Hedman,chedmanga@wisc.edu,Engineer,Sales Manager,2015-12-30 03:26:18,PhD,Great job!,12,Finance
Cammi Boundey,cboundeygb@ihg.com,Manager,Marketing Specialist,2012-11-14 03:30:46,Work experience,Interesting topic.,0,Operations
Annabella Moy,amoygc@time.com,Customer Service Representative,Sales Manager,2011-04-21 05:44:48,Work experience,Keep it up!,7,Finance
Luciano Redish,lredishgd@tinyurl.com,Sales Associate,Software Engineer,2021-08-11 23:41:46,Bachelor's degree,Nice work!,5,Finance
Aharon Spriddle,aspriddlege@reddit.com,Manager,Marketing Specialist,2012-06-05 12:54:24,Certification,Nice work!,9,Human Resources
Vannie O' Liddy,vogf@nyu.edu,Sales Associate,Sales Manager,2019-02-12 03:39:53,Bachelor's degree,Nice work!,13,Sales
Winny Riley,wrileygg@mediafire.com,Customer Service Representative,Graphic Designer,2017-05-27 14:00:27,Master's degree,Keep it up!,10,Sales
Vivien Midlane,vmidlanegh@globo.com,Customer Service Representative,Sales Manager,2010-08-07 05:19:07,Certification,Great job!,5,Sales
Bo MacGuffog,bmacguffoggi@liveinternet.ru,Customer Service Representative,Sales Manager,2021-06-10 14:53:41,Work experience,Interesting topic.,10,Human Resources
Nessa Bette,nbettegj@accuweather.com,admin,Graphic Designer,2018-11-03 02:31:51,Master's degree,Great job!,16,Human Resources
Danna McGucken,dmcguckengk@usatoday.com,Sales Associate,Software Engineer,2011-07-03 08:42:55,Certification,Nice work!,16,Marketing
Willabella Atto,wattogl@mlb.com,admin,Sales Manager,2012-10-17 11:39:25,Certification,Well done!,12,Marketing
Otes Eliassen,oeliassengm@tripadvisor.com,Engineer,Graphic Designer,2014-04-26 01:37:28,Master's degree,Great job!,9,Marketing
Marley Abden,mabdengn@trellian.com,Customer Service Representative,Sales Manager,2011-08-06 21:08:09,Certification,Great job!,6,Operations
Lucine Sholl,lshollgo@qq.com,Engineer,Software Engineer,2021-12-23 10:14:16,Certification,Interesting topic.,16,Sales
Harlen Broodes,hbroodesgp@google.es,Manager,Sales Manager,2013-12-25 02:01:14,Bachelor's degree,Great job!,12,Finance
Pammie Roark,proarkgq@plala.or.jp,Customer Service Representative,Marketing Specialist,2011-11-27 05:31:29,Master's degree,Well done!,6,Sales
Mike Steenson,msteensongr@diigo.com,Customer Service Representative,Software Engineer,2018-10-23 23:52:27,Work experience,Well done!,14,Finance
Matelda Houlson,mhoulsongs@forbes.com,Sales Associate,Graphic Designer,2010-03-06 00:06:36,Certification,Nice work!,1,Sales
Renie Guyton,rguytongt@reverbnation.com,Manager,Customer Service Representative,2018-11-23 11:49:30,Work experience,Nice work!,16,Finance
Gwenneth Ferriday,gferridaygu@hhs.gov,Accountant,Graphic Designer,2011-04-18 22:08:41,Master's degree,Keep it up!,12,Human Resources
Kiele Leming,kleminggv@loc.gov,Engineer,Graphic Designer,2016-07-21 04:59:14,PhD,Keep it up!,10,Operations
Jessie Hurler,jhurlergw@apple.com,admin,Software Engineer,2012-03-31 18:22:19,Certification,Nice work!,15,Finance
Shandee Baudic,sbaudicgx@intel.com,admin,Customer Service Representative,2017-12-30 14:38:41,PhD,Interesting topic.,19,Human Resources
Leanora Lickorish,llickorishgy@marketwatch.com,Engineer,Customer Service Representative,2017-02-27 21:27:49,PhD,Great job!,1,Finance
Bernette Arbon,barbongz@smh.com.au,admin,Customer Service Representative,2017-06-20 05:53:36,PhD,Keep it up!,4,Marketing
Fabian Damiral,fdamiralh0@ucsd.edu,Accountant,Graphic Designer,2017-01-14 03:36:17,PhD,Great job!,1,Operations
Ancell Orsay,aorsayh1@tinypic.com,Customer Service Representative,Sales Manager,2018-10-30 22:19:31,Master's degree,Keep it up!,9,Human Resources
Hallsy Dmitrienko,hdmitrienkoh2@foxnews.com,Engineer,Software Engineer,2015-02-08 03:26:22,Bachelor's degree,Great job!,6,Human Resources
Horatia Shoreson,hshoresonh3@canalblog.com,Manager,Graphic Designer,2021-08-08 11:38:41,Certification,Well done!,3,Human Resources
Noel Yushmanov,nyushmanovh4@de.vu,Customer Service Representative,Graphic Designer,2015-02-01 01:29:35,PhD,Interesting topic.,1,Sales
Salli O'Meara,somearah5@ezinearticles.com,Engineer,Graphic Designer,2012-05-26 05:57:25,Bachelor's degree,Well done!,1,Human Resources
Ofella Deinhard,odeinhardh6@amazon.co.jp,Sales Associate,Sales Manager,2010-10-27 16:49:12,Certification,Well done!,16,Human Resources
Roxanne Haskayne,rhaskayneh7@jigsy.com,Customer Service Representative,Marketing Specialist,2020-08-23 16:08:28,Work experience,Interesting topic.,7,Human Resources
Martynne Partleton,mpartletonh8@bravesites.com,Accountant,Software Engineer,2013-11-19 10:44:58,Work experience,Keep it up!,15,Sales
Andris Duffet,aduffeth9@unc.edu,Manager,Customer Service Representative,2020-08-14 15:18:15,PhD,Keep it up!,16,Marketing
Gerri Kelberer,gkelbererha@smugmug.com,Manager,Marketing Specialist,2021-02-09 06:18:39,Master's degree,Well done!,19,Sales
Leoline Woollard,lwoollardhb@google.nl,Sales Associate,Marketing Specialist,2019-10-08 08:56:30,Bachelor's degree,Interesting topic.,3,Finance
Cornelle Kolakowski,ckolakowskihc@unesco.org,Accountant,Software Engineer,2015-03-23 18:03:36,Certification,Keep it up!,1,Operations
Fred Crady,fcradyhd@nydailynews.com,Manager,Software Engineer,2013-09-14 19:23:21,Certification,Great job!,10,Marketing
Roley Pinor,rpinorhe@nsw.gov.au,admin,Marketing Specialist,2014-11-19 15:25:34,PhD,Great job!,2,Marketing
Tiphani Legat,tlegathf@infoseek.co.jp,Accountant,Graphic Designer,2013-02-26 18:59:21,Certification,Nice work!,12,Finance
Bryon Goodban,bgoodbanhg@bloglines.com,Accountant,Sales Manager,2017-05-01 19:52:21,Work experience,Keep it up!,5,Human Resources
Gabe Pennicott,gpennicotthh@rediff.com,admin,Sales Manager,2010-09-02 09:01:50,Work experience,Interesting topic.,0,Human Resources
Meridith Cerro,mcerrohi@yahoo.com,Engineer,Graphic Designer,2013-04-22 20:40:16,Work experience,Interesting topic.,15,Human Resources
Gloriane O'Driscole,godriscolehj@timesonline.co.uk,admin,Graphic Designer,2016-04-10 09:25:37,Bachelor's degree,Nice work!,19,Marketing
Theda Seabridge,tseabridgehk@gravatar.com,Customer Service Representative,Software Engineer,2019-09-18 22:10:23,PhD,Interesting topic.,2,Sales
Ansley Gready,agreadyhl@intel.com,Sales Associate,Marketing Specialist,2014-02-04 13:01:18,Work experience,Interesting topic.,17,Finance
Taber Woodroof,twoodroofhm@elpais.com,Customer Service Representative,Marketing Specialist,2015-07-16 23:55:24,Certification,Great job!,19,Sales
Lonnie Lillecrop,llillecrophn@google.pl,Manager,Software Engineer,2018-12-16 13:59:25,Bachelor's degree,Keep it up!,11,Sales
Belicia Limerick,blimerickho@issuu.com,admin,Graphic Designer,2011-12-01 07:26:28,Work experience,Keep it up!,18,Marketing
Victoria Combes,vcombeshp@youku.com,Sales Associate,Graphic Designer,2017-08-21 18:21:43,Certification,Nice work!,17,Human Resources
Kissie Bakewell,kbakewellhq@engadget.com,Manager,Sales Manager,2014-04-09 19:17:48,PhD,Nice work!,8,Finance
Tim Rix,trixhr@nationalgeographic.com,admin,Marketing Specialist,2016-12-15 14:41:48,Master's degree,Great job!,6,Marketing
Kirbee Greer,kgreerhs@cocolog-nifty.com,admin,Marketing Specialist,2015-08-19 10:46:18,Certification,Great job!,7,Finance
Web Christophe,wchristopheht@princeton.edu,Manager,Software Engineer,2017-10-20 11:12:58,Work experience,Nice work!,19,Finance
Ashia Silber,asilberhu@amazonaws.com,Engineer,Customer Service Representative,2020-10-23 05:45:27,Master's degree,Interesting topic.,7,Sales
Willyt Issakov,wissakovhv@slideshare.net,Accountant,Graphic Designer,2015-08-13 16:48:15,Master's degree,Nice work!,2,Sales
Delaney Verillo,dverillohw@freewebs.com,admin,Graphic Designer,2011-02-17 14:44:25,Bachelor's degree,Nice work!,5,Operations
Abbie Olphert,aolpherthx@cisco.com,admin,Software Engineer,2021-01-18 14:53:48,Bachelor's degree,Nice work!,15,Finance
Eryn Wilacot,ewilacothy@latimes.com,admin,Graphic Designer,2013-08-22 07:12:15,Bachelor's degree,Keep it up!,5,Human Resources
Hailee Narrie,hnarriehz@cbsnews.com,Sales Associate,Sales Manager,2018-11-30 06:28:33,Work experience,Interesting topic.,6,Marketing
Elfreda Goldson,egoldsoni0@hhs.gov,Manager,Marketing Specialist,2013-07-24 09:50:38,Certification,Nice work!,4,Marketing
Genovera Ratlee,gratleei1@accuweather.com,Accountant,Graphic Designer,2021-02-05 12:34:22,Master's degree,Interesting topic.,7,Marketing
Chelsy Assur,cassuri2@google.ru,Accountant,Marketing Specialist,2014-03-17 20:45:42,Certification,Keep it up!,18,Marketing
Carl Eltune,celtunei3@uiuc.edu,Engineer,Graphic Designer,2019-05-17 10:27:59,Bachelor's degree,Interesting topic.,18,Marketing
Kareem Troughton,ktroughtoni4@cbc.ca,Manager,Graphic Designer,2019-03-03 11:55:38,Certification,Interesting topic.,7,Human Resources
Niel Dorsett,ndorsetti5@businessweek.com,Engineer,Marketing Specialist,2011-06-26 22:00:41,PhD,Interesting topic.,0,Finance
Gabriel Brinsford,gbrinsfordi6@squidoo.com,Accountant,Graphic Designer,2012-05-18 18:44:32,Master's degree,Keep it up!,19,Sales
Sonnie Salamon,ssalamoni7@disqus.com,Sales Associate,Graphic Designer,2014-11-15 13:32:03,PhD,Nice work!,5,Sales
Vilhelmina Craythorn,vcraythorni8@furl.net,Engineer,Graphic Designer,2017-05-15 23:49:46,Bachelor's degree,Great job!,13,Human Resources
Warden Gatley,wgatleyi9@networksolutions.com,admin,Marketing Specialist,2017-05-08 18:37:24,Bachelor's degree,Keep it up!,14,Marketing
Yale Linzee,ylinzeeia@phpbb.com,Customer Service Representative,Software Engineer,2019-02-13 05:50:45,Bachelor's degree,Keep it up!,14,Marketing
Tracie Elderkin,telderkinib@bigcartel.com,Customer Service Representative,Graphic Designer,2010-07-24 06:37:11,Bachelor's degree,Well done!,7,Finance
Valentine MacCallester,vmaccallesteric@technorati.com,Accountant,Customer Service Representative,2019-08-19 04:48:07,Certification,Keep it up!,5,Human Resources
Dotti Gianotti,dgianottiid@earthlink.net,Accountant,Customer Service Representative,2011-07-10 13:20:18,Work experience,Keep it up!,5,Sales
Christian Rockell,crockellie@wikimedia.org,Customer Service Representative,Sales Manager,2014-01-28 02:02:08,Certification,Interesting topic.,6,Finance
Malissa Norcross,mnorcrossif@furl.net,admin,Marketing Specialist,2012-09-10 22:44:54,Certification,Interesting topic.,3,Sales
Gifford Itzhaiek,gitzhaiekig@uiuc.edu,Customer Service Representative,Marketing Specialist,2021-05-12 20:03:52,Work experience,Great job!,7,Marketing
Florinda Le Cornu,fleih@skype.com,admin,Sales Manager,2011-08-15 14:16:07,PhD,Keep it up!,12,Sales
Bud Wantling,bwantlingii@ox.ac.uk,Accountant,Graphic Designer,2018-07-01 00:39:50,PhD,Great job!,5,Finance
Bert Stenbridge,bstenbridgeij@usa.gov,admin,Sales Manager,2012-02-28 13:51:45,Certification,Great job!,11,Operations
Noemi Plait,nplaitik@timesonline.co.uk,Accountant,Software Engineer,2013-05-05 22:54:21,Master's degree,Interesting topic.,4,Human Resources
Meaghan Di Batista,mdiil@blogs.com,Engineer,Sales Manager,2017-07-11 03:32:49,Work experience,Interesting topic.,1,Human Resources
Jasen Dollman,jdollmanim@canalblog.com,Manager,Graphic Designer,2015-06-18 12:30:03,PhD,Keep it up!,17,Sales
Nicky Fothergill,nfothergillin@fda.gov,Manager,Software Engineer,2016-11-11 21:01:05,Master's degree,Keep it up!,11,Human Resources
Zacharias Boame,zboameio@plala.or.jp,Manager,Marketing Specialist,2018-07-23 23:26:48,PhD,Well done!,20,Sales
Winna Peppard,wpeppardip@unc.edu,Customer Service Representative,Customer Service Representative,2020-11-21 19:27:54,Bachelor's degree,Nice work!,8,Operations
Raddy Keller,rkelleriq@paginegialle.it,admin,Graphic Designer,2020-08-13 13:49:47,Master's degree,Well done!,13,Operations
Marlowe Laister,mlaisterir@nba.com,Customer Service Representative,Software Engineer,2021-11-24 05:50:41,PhD,Great job!,18,Marketing
Lou Bourthoumieux,lbourthoumieuxis@lulu.com,Accountant,Customer Service Representative,2014-04-07 18:38:40,PhD,Interesting topic.,14,Finance
Osgood Lardier,olardierit@nhs.uk,Accountant,Sales Manager,2015-03-15 01:44:54,Master's degree,Nice work!,14,Operations
Bili Ritchings,britchingsiu@mashable.com,Accountant,Customer Service Representative,2014-04-18 12:26:44,Work experience,Nice work!,17,Finance
Richy Leonard,rleonardiv@artisteer.com,admin,Graphic Designer,2019-02-09 10:52:17,Bachelor's degree,Keep it up!,2,Human Resources
Kalinda Jimpson,kjimpsoniw@addtoany.com,Manager,Sales Manager,2010-12-25 00:37:27,PhD,Nice work!,10,Operations
Margarita Swalough,mswaloughix@photobucket.com,Engineer,Sales Manager,2013-08-04 19:40:08,Master's degree,Well done!,16,Finance
Candy Older,colderiy@nationalgeographic.com,Customer Service Representative,Software Engineer,2011-10-30 16:11:45,Bachelor's degree,Interesting topic.,7,Marketing
Cherise McGregor,cmcgregoriz@godaddy.com,Engineer,Graphic Designer,2013-05-14 02:17:51,PhD,Well done!,0,Marketing
Shana Muckersie,smuckersiej0@icq.com,Sales Associate,Marketing Specialist,2018-08-01 11:42:54,Certification,Nice work!,14,Sales
Meriel Munehay,mmunehayj1@1und1.de,Manager,Sales Manager,2021-04-25 13:08:49,Work experience,Nice work!,5,Marketing
Colleen Copello,ccopelloj2@last.fm,admin,Marketing Specialist,2015-11-17 04:57:40,Bachelor's degree,Interesting topic.,15,Human Resources
Nada Lundon,nlundonj3@arstechnica.com,Sales Associate,Sales Manager,2014-11-19 01:17:28,Certification,Nice work!,16,Sales
Ramsay Waterdrinker,rwaterdrinkerj4@sphinn.com,Sales Associate,Software Engineer,2018-04-17 09:26:27,Bachelor's degree,Well done!,19,Sales
Hedwig Demaid,hdemaidj5@tripadvisor.com,Accountant,Graphic Designer,2010-03-16 23:20:03,Certification,Nice work!,14,Finance
Bernie Chedzoy,bchedzoyj6@delicious.com,Accountant,Graphic Designer,2014-04-22 09:03:57,Certification,Interesting topic.,13,Marketing
Lynnelle Rulf,lrulfj7@ehow.com,Engineer,Software Engineer,2021-07-01 20:18:10,Certification,Nice work!,9,Sales
Thebault Hinrichsen,thinrichsenj8@acquirethisname.com,Manager,Graphic Designer,2010-07-01 04:11:18,Bachelor's degree,Nice work!,4,Marketing
Odo Sighard,osighardj9@pen.io,Engineer,Marketing Specialist,2010-09-08 08:33:04,Work experience,Nice work!,5,Sales
Merle Navarre,mnavarreja@home.pl,Sales Associate,Customer Service Representative,2010-09-16 21:23:19,Bachelor's degree,Interesting topic.,0,Operations
Franky Anderer,fandererjb@sfgate.com,Customer Service Representative,Graphic Designer,2021-01-16 14:58:57,Certification,Keep it up!,17,Human Resources
Jacquie Franey,jfraneyjc@microsoft.com,Engineer,Graphic Designer,2011-08-22 21:29:18,PhD,Nice work!,12,Finance
Arabele Hamer,ahamerjd@e-recht24.de,Engineer,Sales Manager,2018-02-28 22:57:30,Work experience,Interesting topic.,14,Finance
Glyn Coundley,gcoundleyje@pagesperso-orange.fr,Manager,Software Engineer,2012-03-08 23:31:51,Master's degree,Well done!,7,Marketing
Toddy Chettoe,tchettoejf@google.ru,Customer Service Representative,Software Engineer,2013-11-20 22:10:47,Work experience,Interesting topic.,13,Sales
Virginie Maggiori,vmaggiorijg@cargocollective.com,Customer Service Representative,Customer Service Representative,2020-10-06 14:21:15,Work experience,Well done!,16,Marketing
Brandise Gaveltone,bgaveltonejh@ovh.net,Engineer,Software Engineer,2016-10-05 06:37:22,Work experience,Nice work!,8,Operations
Timotheus Mellor,tmellorji@qq.com,Sales Associate,Software Engineer,2015-09-06 18:14:15,Master's degree,Great job!,9,Human Resources
Berry Burnsyde,bburnsydejj@constantcontact.com,Sales Associate,Graphic Designer,2014-04-16 04:14:43,Bachelor's degree,Keep it up!,14,Operations
Renado Allsop,rallsopjk@artisteer.com,admin,Sales Manager,2021-02-02 19:04:30,Certification,Interesting topic.,10,Operations
Franni Beatens,fbeatensjl@4shared.com,Customer Service Representative,Software Engineer,2019-07-02 16:39:22,Bachelor's degree,Nice work!,7,Operations
Maure Harbottle,mharbottlejm@chronoengine.com,Manager,Marketing Specialist,2015-03-19 17:58:48,Work experience,Great job!,18,Marketing
Ilsa Seden,isedenjn@wsj.com,Customer Service Representative,Marketing Specialist,2021-05-06 12:54:55,Certification,Great job!,4,Operations
Pavel Rizzini,prizzinijo@japanpost.jp,Customer Service Representative,Software Engineer,2011-05-15 10:14:00,PhD,Great job!,10,Sales
Deloria Oliva,dolivajp@nifty.com,Accountant,Customer Service Representative,2019-12-22 03:05:50,Master's degree,Interesting topic.,7,Human Resources
Wileen Geroldo,wgeroldojq@cisco.com,admin,Graphic Designer,2020-02-23 00:30:42,Certification,Well done!,16,Sales
Gardener Ivanyukov,givanyukovjr@patch.com,admin,Customer Service Representative,2015-07-27 05:30:02,Work experience,Well done!,20,Marketing
Philomena Kinde,pkindejs@zdnet.com,Sales Associate,Marketing Specialist,2012-09-14 14:29:09,Bachelor's degree,Keep it up!,6,Human Resources
Louise Karchowski,lkarchowskijt@bandcamp.com,Customer Service Representative,Software Engineer,2013-12-19 03:08:45,Bachelor's degree,Great job!,11,Finance
Annecorinne Elgy,aelgyju@china.com.cn,Sales Associate,Marketing Specialist,2014-10-12 20:18:17,PhD,Well done!,7,Sales
Willi Bartolomivis,wbartolomivisjv@dyndns.org,Customer Service Representative,Sales Manager,2010-03-19 12:57:30,PhD,Keep it up!,4,Finance
Caren Hulk,chulkjw@w3.org,Accountant,Software Engineer,2011-10-11 12:52:47,Master's degree,Nice work!,18,Human Resources
Phil Splevings,psplevingsjx@i2i.jp,Engineer,Marketing Specialist,2015-01-16 04:15:33,PhD,Interesting topic.,6,Operations
Ambur Eddis,aeddisjy@go.com,Accountant,Marketing Specialist,2014-01-03 02:54:03,Master's degree,Nice work!,7,Marketing
Morgen Riply,mriplyjz@cnbc.com,admin,Graphic Designer,2013-02-17 04:12:36,Work experience,Nice work!,2,Finance
Moishe Beckhurst,mbeckhurstk0@topsy.com,admin,Marketing Specialist,2018-01-22 10:14:38,Master's degree,Great job!,19,Marketing
Benedikta Verchambre,bverchambrek1@goo.ne.jp,Manager,Graphic Designer,2017-07-02 00:51:25,Work experience,Great job!,3,Sales
Hedi Wieprecht,hwieprechtk2@sitemeter.com,Manager,Marketing Specialist,2019-02-14 08:20:49,Bachelor's degree,Great job!,12,Operations
Jerrine Howis,jhowisk3@bandcamp.com,Customer Service Representative,Software Engineer,2021-03-02 05:11:27,Certification,Interesting topic.,15,Sales
Nikaniki Bogie,nbogiek4@exblog.jp,admin,Marketing Specialist,2021-12-18 01:09:56,Bachelor's degree,Interesting topic.,15,Operations
Kale Darwen,kdarwenk5@tiny.cc,Manager,Software Engineer,2010-03-21 13:54:27,PhD,Great job!,1,Sales
Bobette Lenormand,blenormandk6@go.com,admin,Graphic Designer,2016-08-13 04:44:38,PhD,Interesting topic.,10,Finance
Andrey Webben,awebbenk7@narod.ru,Manager,Sales Manager,2016-08-22 16:07:54,Bachelor's degree,Interesting topic.,0,Marketing
Tommie Headech,theadechk8@army.mil,Engineer,Software Engineer,2018-03-06 22:27:08,Work experience,Nice work!,0,Sales
Krishnah Scarlan,kscarlank9@pagesperso-orange.fr,Customer Service Representative,Graphic Designer,2011-01-06 05:15:50,Bachelor's degree,Interesting topic.,1,Marketing
Gilly Giannini,ggianninika@scientificamerican.com,admin,Customer Service Representative,2015-01-29 04:39:17,Master's degree,Nice work!,6,Operations
Grove Topping,gtoppingkb@mail.ru,admin,Customer Service Representative,2010-04-09 18:51:35,Master's degree,Nice work!,4,Operations
Katheryn Avramchik,kavramchikkc@netvibes.com,admin,Customer Service Representative,2013-01-24 02:44:19,Master's degree,Keep it up!,20,Human Resources
Clari Burmingham,cburminghamkd@infoseek.co.jp,admin,Customer Service Representative,2019-01-24 10:49:24,Certification,Keep it up!,2,Marketing
Aaron Itzik,aitzikke@bing.com,Engineer,Software Engineer,2011-06-10 06:22:09,Bachelor's degree,Interesting topic.,5,Sales
Agnella Lardiner,alardinerkf@msn.com,Sales Associate,Graphic Designer,2019-05-06 18:21:45,PhD,Nice work!,6,Operations
Eadie Sine,esinekg@bluehost.com,admin,Software Engineer,2012-03-17 20:14:57,Certification,Keep it up!,15,Human Resources
Tony Mockford,tmockfordkh@examiner.com,Manager,Marketing Specialist,2011-03-20 20:15:43,Certification,Keep it up!,19,Operations
Mendel Pyecroft,mpyecroftki@businessweek.com,Sales Associate,Customer Service Representative,2015-09-16 10:41:11,PhD,Interesting topic.,7,Sales
Marty Albon,malbonkj@nbcnews.com,Engineer,Graphic Designer,2016-09-04 13:50:21,Work experience,Interesting topic.,4,Sales
Nani Graysmark,ngraysmarkkk@topsy.com,Engineer,Marketing Specialist,2016-04-09 00:15:29,Bachelor's degree,Well done!,1,Marketing
Harbert Don,hdonkl@webmd.com,Engineer,Software Engineer,2015-10-24 05:26:46,Certification,Well done!,19,Sales
Viola Sherbrooke,vsherbrookekm@wix.com,Sales Associate,Sales Manager,2018-09-24 19:33:04,PhD,Interesting topic.,17,Finance
Enid Brislawn,ebrislawnkn@tamu.edu,Manager,Sales Manager,2012-10-13 00:10:39,Certification,Well done!,2,Sales
Bathsheba Haill,bhaillko@vkontakte.ru,Accountant,Sales Manager,2010-12-22 17:01:02,Certification,Nice work!,9,Sales
Cull Noriega,cnoriegakp@desdev.cn,Engineer,Graphic Designer,2012-03-17 12:17:18,Certification,Well done!,3,Finance
Robinia Meagh,rmeaghkq@opensource.org,Customer Service Representative,Software Engineer,2018-02-17 13:47:40,Certification,Great job!,17,Marketing
Gretta Tacon,gtaconkr@gravatar.com,admin,Sales Manager,2016-03-11 03:03:22,Master's degree,Interesting topic.,17,Operations
Yankee Kingscott,ykingscottks@ted.com,Accountant,Customer Service Representative,2014-01-22 08:11:43,Master's degree,Keep it up!,10,Human Resources
Cristobal Torricella,ctorricellakt@example.com,Engineer,Customer Service Representative,2018-03-22 14:05:32,PhD,Nice work!,3,Operations
Maggie Bentham,mbenthamku@list-manage.com,Customer Service Representative,Customer Service Representative,2014-02-28 23:33:05,Work experience,Well done!,6,Finance
Cathyleen Jailler,cjaillerkv@devhub.com,Engineer,Marketing Specialist,2010-07-03 13:10:55,Work experience,Nice work!,13,Marketing
Charlie Middlebrook,cmiddlebrookkw@cocolog-nifty.com,Customer Service Representative,Graphic Designer,2015-08-15 08:39:18,Master's degree,Interesting topic.,12,Marketing
Adrien Bogace,abogacekx@wordpress.com,Sales Associate,Sales Manager,2021-02-16 07:05:10,Bachelor's degree,Great job!,11,Marketing
Carin Aubry,caubryky@guardian.co.uk,admin,Customer Service Representative,2015-05-24 22:11:07,Certification,Great job!,7,Human Resources
Ardyth Osband,aosbandkz@un.org,Manager,Software Engineer,2017-10-03 15:26:03,Bachelor's degree,Keep it up!,14,Sales
Minny Toffano,mtoffanol0@123-reg.co.uk,Engineer,Sales Manager,2019-07-15 21:24:12,Master's degree,Well done!,3,Operations
Renata McSperrin,rmcsperrinl1@usnews.com,Engineer,Graphic Designer,2020-05-19 09:51:22,PhD,Nice work!,18,Operations
Germain Radbone,gradbonel2@salon.com,Accountant,Customer Service Representative,2018-08-13 14:56:43,Master's degree,Well done!,5,Sales
Catherina Roycroft,croycroftl3@uol.com.br,Manager,Graphic Designer,2015-04-26 11:02:17,Certification,Nice work!,9,Human Resources
Callean Creswell,ccreswelll4@patch.com,Customer Service Representative,Customer Service Representative,2014-08-16 11:40:03,Work experience,Great job!,20,Sales
Albertine Makinson,amakinsonl5@mac.com,Customer Service Representative,Sales Manager,2014-11-24 17:28:50,Master's degree,Interesting topic.,16,Sales
Farlay Dolle,fdollel6@home.pl,Manager,Sales Manager,2017-04-30 19:35:20,Bachelor's degree,Well done!,17,Sales
Laura MacRory,lmacroryl7@earthlink.net,Accountant,Sales Manager,2010-12-11 06:11:24,Certification,Nice work!,20,Marketing
Isaak Scotchbourouge,iscotchbourougel8@comsenz.com,Sales Associate,Graphic Designer,2013-07-11 16:22:13,Bachelor's degree,Well done!,16,Operations
Goldie Hargrove,ghargrovel9@sitemeter.com,Sales Associate,Marketing Specialist,2012-06-03 05:16:57,Work experience,Great job!,17,Sales
Nobe Spellecy,nspellecyla@latimes.com,Sales Associate,Software Engineer,2011-02-19 04:54:26,Master's degree,Nice work!,7,Finance
Mechelle Godlonton,mgodlontonlb@squarespace.com,admin,Sales Manager,2015-09-20 10:07:26,Certification,Well done!,10,Operations
Justina Olivia,jolivialc@last.fm,Sales Associate,Graphic Designer,2014-01-02 15:27:24,Work experience,Interesting topic.,13,Marketing
Corabella Stollmeyer,cstollmeyerld@webeden.co.uk,Manager,Sales Manager,2018-08-20 10:35:51,Certification,Nice work!,8,Finance
Lorene Pilgram,lpilgramle@plala.or.jp,Sales Associate,Customer Service Representative,2014-05-26 21:15:06,Certification,Great job!,10,Human Resources
Mikkel Talby,mtalbylf@jimdo.com,Manager,Sales Manager,2011-02-11 17:35:55,PhD,Keep it up!,0,Finance
Conn Birley,cbirleylg@storify.com,admin,Software Engineer,2015-07-29 18:29:44,Work experience,Nice work!,5,Marketing
Talbot Rycraft,trycraftlh@timesonline.co.uk,Manager,Marketing Specialist,2013-12-16 04:58:01,PhD,Great job!,4,Sales
Eimile Trevarthen,etrevarthenli@ehow.com,Manager,Marketing Specialist,2011-02-22 15:38:02,Bachelor's degree,Well done!,0,Human Resources
Con Lamplugh,clamplughlj@amazon.de,Accountant,Software Engineer,2019-02-07 05:23:28,Bachelor's degree,Nice work!,9,Human Resources
Sibbie Jouanny,sjouannylk@51.la,Sales Associate,Software Engineer,2019-09-24 23:00:57,PhD,Well done!,2,Human Resources
Major von Hagt,mvonll@themeforest.net,Customer Service Representative,Customer Service Representative,2018-10-17 21:14:08,Bachelor's degree,Great job!,13,Operations
Joice Eakeley,jeakeleylm@topsy.com,Accountant,Customer Service Representative,2015-02-23 22:25:05,PhD,Great job!,12,Finance
Terri Oakinfold,toakinfoldln@discovery.com,Accountant,Customer Service Representative,2021-05-04 15:34:50,Master's degree,Nice work!,9,Operations
Ossie Loges,ologeslo@arstechnica.com,Engineer,Software Engineer,2021-09-10 20:21:39,Master's degree,Interesting topic.,4,Finance
Nial Caban,ncabanlp@unc.edu,Accountant,Graphic Designer,2015-12-07 10:14:02,PhD,Well done!,17,Marketing
Rickard Bendley,rbendleylq@ucsd.edu,admin,Customer Service Representative,2011-08-30 20:56:45,Certification,Nice work!,11,Operations
Susanna Lapre,slaprelr@sina.com.cn,Sales Associate,Sales Manager,2010-02-08 09:46:25,Master's degree,Keep it up!,12,Marketing
Tove Noods,tnoodsls@yahoo.co.jp,Engineer,Sales Manager,2015-08-19 06:56:51,Certification,Great job!,6,Operations
Elvina Iliff,eilifflt@gmpg.org,Accountant,Software Engineer,2018-10-02 20:28:16,Work experience,Well done!,10,Finance
Riley Newport,rnewportlu@accuweather.com,Customer Service Representative,Graphic Designer,2019-04-16 03:32:45,Certification,Well done!,13,Marketing
Daniele Haskins,dhaskinslv@exblog.jp,Customer Service Representative,Sales Manager,2017-12-14 22:16:41,Certification,Interesting topic.,10,Finance
Elston Delaney,edelaneylw@foxnews.com,Sales Associate,Software Engineer,2010-02-26 08:45:57,PhD,Interesting topic.,5,Finance
Warde Mendus,wmenduslx@marketwatch.com,admin,Software Engineer,2016-08-22 06:45:18,Master's degree,Well done!,2,Sales
Cissy Perdue,cperduely@columbia.edu,Accountant,Software Engineer,2011-07-16 16:58:50,Master's degree,Nice work!,20,Human Resources
Felike Bedrosian,fbedrosianlz@wired.com,Sales Associate,Sales Manager,2017-11-15 05:57:35,Master's degree,Nice work!,20,Marketing
Gail Hamsson,ghamssonm0@plala.or.jp,Manager,Sales Manager,2015-05-14 10:33:49,Master's degree,Nice work!,11,Human Resources
Katie Robard,krobardm1@shutterfly.com,Manager,Customer Service Representative,2021-02-25 09:48:23,Bachelor's degree,Well done!,13,Marketing
Eddi Garrettson,egarrettsonm2@google.es,Manager,Graphic Designer,2016-08-23 02:03:52,Master's degree,Keep it up!,17,Operations
Raychel Yewdell,ryewdellm3@samsung.com,Sales Associate,Sales Manager,2010-03-07 22:07:19,Master's degree,Great job!,12,Sales
Silvia Giannoni,sgiannonim4@seesaa.net,Sales Associate,Graphic Designer,2017-11-10 02:51:03,Certification,Interesting topic.,9,Human Resources
Gerik Moncur,gmoncurm5@un.org,Sales Associate,Software Engineer,2017-02-14 14:12:33,Bachelor's degree,Keep it up!,11,Marketing
Tandie Camies,tcamiesm6@pinterest.com,Customer Service Representative,Software Engineer,2018-12-06 15:01:14,Master's degree,Nice work!,13,Marketing
Katusha Kensit,kkensitm7@ox.ac.uk,Accountant,Sales Manager,2010-05-31 21:35:21,Work experience,Keep it up!,2,Operations
Nita Druett,ndruettm8@wp.com,Engineer,Sales Manager,2011-12-10 01:41:58,PhD,Keep it up!,11,Operations
Caitlin Mila,cmilam9@flavors.me,Accountant,Software Engineer,2017-07-10 19:21:09,PhD,Interesting topic.,3,Finance
Alice Ricardon,aricardonma@wordpress.com,Engineer,Customer Service Representative,2021-01-24 01:15:19,Certification,Keep it up!,10,Marketing
Cesaro Alvin,calvinmb@admin.ch,Sales Associate,Marketing Specialist,2014-04-25 06:14:13,PhD,Well done!,5,Finance
Kalinda Ambrosi,kambrosimc@infoseek.co.jp,Customer Service Representative,Marketing Specialist,2010-11-24 03:13:05,Certification,Keep it up!,9,Human Resources
Arlina Whopples,awhopplesmd@bbc.co.uk,Engineer,Marketing Specialist,2012-08-03 01:01:45,Master's degree,Nice work!,10,Finance
Jojo Klaassens,jklaassensme@github.io,Customer Service Representative,Sales Manager,2019-01-16 06:43:54,Bachelor's degree,Keep it up!,1,Human Resources
Vinni Nutting,vnuttingmf@trellian.com,Accountant,Sales Manager,2017-04-09 20:00:00,Work experience,Interesting topic.,13,Sales
Robinson Capeling,rcapelingmg@marriott.com,Accountant,Marketing Specialist,2011-05-03 11:11:43,Bachelor's degree,Nice work!,13,Operations
Marybelle Canet,mcanetmh@telegraph.co.uk,Customer Service Representative,Customer Service Representative,2018-10-04 10:32:30,PhD,Keep it up!,19,Operations
Vernor McRobbie,vmcrobbiemi@cbsnews.com,Engineer,Customer Service Representative,2016-09-17 06:31:15,Master's degree,Interesting topic.,9,Marketing
Leland Garrow,lgarrowmj@nbcnews.com,Accountant,Graphic Designer,2017-12-31 20:48:18,Bachelor's degree,Nice work!,17,Sales
Sidney Yashin,syashinmk@behance.net,Customer Service Representative,Software Engineer,2020-10-30 02:03:13,Bachelor's degree,Keep it up!,14,Marketing
Dick Saturley,dsaturleyml@ft.com,Accountant,Graphic Designer,2017-07-06 17:20:32,PhD,Nice work!,20,Sales
Rickard Ezzy,rezzymm@geocities.com,Manager,Marketing Specialist,2017-04-09 03:07:20,Bachelor's degree,Nice work!,0,Marketing
Nicko Blackmore,nblackmoremn@seattletimes.com,Engineer,Graphic Designer,2019-12-03 06:40:12,Master's degree,Nice work!,19,Human Resources
Gavin Burhill,gburhillmo@ucla.edu,Customer Service Representative,Marketing Specialist,2019-09-28 16:36:11,Work experience,Keep it up!,15,Operations
Ed Maundrell,emaundrellmp@nymag.com,Customer Service Representative,Sales Manager,2015-07-08 21:11:27,Work experience,Great job!,7,Operations
Patsy Lincoln,plincolnmq@privacy.gov.au,admin,Software Engineer,2021-01-25 02:15:22,PhD,Nice work!,17,Operations
Sabra Schafer,sschafermr@ca.gov,Customer Service Representative,Marketing Specialist,2013-04-29 06:32:25,Bachelor's degree,Interesting topic.,17,Sales
Kristoforo Marchiso,kmarchisoms@seattletimes.com,Accountant,Sales Manager,2010-11-18 16:42:54,Certification,Interesting topic.,9,Human Resources
Randie Dahlback,rdahlbackmt@samsung.com,Customer Service Representative,Software Engineer,2018-02-07 19:50:18,Work experience,Keep it up!,11,Operations
Lazaro Amesbury,lamesburymu@ebay.co.uk,Accountant,Customer Service Representative,2011-12-27 17:00:34,Work experience,Well done!,8,Operations
Thorsten Hadrill,thadrillmv@xinhuanet.com,Accountant,Marketing Specialist,2014-03-22 00:18:37,Work experience,Nice work!,13,Human Resources
Natalya Ianniello,nianniellomw@is.gd,Manager,Customer Service Representative,2016-10-16 07:49:34,PhD,Well done!,2,Operations
Brigitta Aloshkin,baloshkinmx@posterous.com,Customer Service Representative,Sales Manager,2016-12-18 18:40:15,PhD,Great job!,15,Marketing
Hermia Ticehurst,hticehurstmy@si.edu,Customer Service Representative,Software Engineer,2019-03-10 05:41:40,Certification,Nice work!,3,Marketing
Natalee Foxcroft,nfoxcroftmz@stanford.edu,admin,Software Engineer,2016-11-07 04:07:34,PhD,Nice work!,4,Finance
Boy Kreber,bkrebern0@home.pl,Sales Associate,Graphic Designer,2016-02-12 14:28:43,Certification,Interesting topic.,3,Marketing
Caro Brewers,cbrewersn1@fda.gov,Manager,Graphic Designer,2021-01-08 19:44:57,Work experience,Well done!,2,Human Resources
Lusa Jenken,ljenkenn2@ycombinator.com,Customer Service Representative,Marketing Specialist,2013-10-05 06:12:16,Work experience,Interesting topic.,20,Sales
Hubey Baytrop,hbaytropn3@cdc.gov,Sales Associate,Customer Service Representative,2015-12-23 10:23:41,PhD,Great job!,16,Finance
Kristoforo Biaggiotti,kbiaggiottin4@theglobeandmail.com,Engineer,Software Engineer,2012-07-03 21:09:44,Master's degree,Keep it up!,10,Human Resources
Renato Lukash,rlukashn5@bandcamp.com,Sales Associate,Marketing Specialist,2014-01-05 10:41:33,PhD,Great job!,7,Operations
Cristiano Nanson,cnansonn6@google.ca,Manager,Software Engineer,2021-10-17 09:39:50,Certification,Well done!,0,Marketing
Xylia Threadgold,xthreadgoldn7@foxnews.com,Manager,Marketing Specialist,2020-09-03 16:16:25,Certification,Nice work!,9,Marketing
Marissa Limbourne,mlimbournen8@constantcontact.com,Customer Service Representative,Graphic Designer,2021-07-31 23:28:12,Work experience,Keep it up!,12,Marketing
Minette Whillock,mwhillockn9@dmoz.org,Accountant,Sales Manager,2015-06-24 19:53:16,Work experience,Interesting topic.,14,Operations
Jean Josipovic,jjosipovicna@bbb.org,Engineer,Marketing Specialist,2015-08-11 21:30:44,Work experience,Great job!,9,Human Resources
Skipton Hemphill,shemphillnb@unicef.org,Accountant,Customer Service Representative,2018-08-04 05:53:34,Certification,Great job!,1,Sales
Worthington Meddings,wmeddingsnc@jiathis.com,Manager,Customer Service Representative,2010-08-24 05:03:06,Bachelor's degree,Interesting topic.,9,Finance
Miner Richardson,mrichardsonnd@xinhuanet.com,Accountant,Customer Service Representative,2019-12-01 10:25:02,Bachelor's degree,Interesting topic.,20,Sales
Bobbe Berndt,bberndtne@digg.com,Sales Associate,Software Engineer,2010-02-09 03:20:59,Certification,Nice work!,15,Human Resources
Reginauld Van Weedenburg,rvannf@desdev.cn,admin,Marketing Specialist,2014-12-11 00:13:44,Work experience,Well done!,8,Sales
Chan Bibb,cbibbng@bluehost.com,Manager,Marketing Specialist,2018-04-05 16:11:47,Master's degree,Keep it up!,0,Operations
Becki Ruddell,bruddellnh@eepurl.com,Sales Associate,Customer Service Representative,2016-04-10 18:05:20,Certification,Nice work!,10,Human Resources
Noel Whitlow,nwhitlowni@npr.org,Sales Associate,Customer Service Representative,2015-01-26 23:56:25,PhD,Nice work!,13,Sales
Lulu Kingswold,lkingswoldnj@de.vu,admin,Marketing Specialist,2010-05-23 13:30:15,Master's degree,Well done!,20,Operations
Zelda Newtown,znewtownnk@e-recht24.de,Accountant,Graphic Designer,2021-08-31 08:05:01,Certification,Well done!,13,Operations
Deborah Wann,dwannnl@simplemachines.org,Manager,Software Engineer,2020-09-11 17:37:58,Master's degree,Keep it up!,13,Sales
Aretha Southcombe,asouthcombenm@wufoo.com,Accountant,Customer Service Representative,2017-08-19 20:36:29,Bachelor's degree,Great job!,15,Human Resources
Tommie Plumm,tplummnn@blog.com,Engineer,Sales Manager,2019-04-27 11:44:46,Certification,Nice work!,9,Human Resources
Yorgo Abramino,yabraminono@salon.com,admin,Software Engineer,2012-12-11 12:17:05,PhD,Nice work!,10,Sales
Evey Dobinson,edobinsonnp@amazon.co.uk,Customer Service Representative,Marketing Specialist,2016-12-16 15:27:44,Bachelor's degree,Nice work!,12,Human Resources
Linell Echalier,lechaliernq@google.cn,Engineer,Software Engineer,2017-06-06 00:38:03,Bachelor's degree,Interesting topic.,12,Operations
Lucius Trodler,ltrodlernr@angelfire.com,Engineer,Customer Service Representative,2017-02-21 23:49:49,Work experience,Well done!,13,Operations
Che Mahon,cmahonns@census.gov,Manager,Customer Service Representative,2020-04-23 14:22:52,Bachelor's degree,Interesting topic.,10,Marketing
Zonnya Frith,zfrithnt@list-manage.com,Engineer,Sales Manager,2015-09-30 14:54:53,Master's degree,Great job!,16,Finance
Troy Winterton,twintertonnu@bandcamp.com,Manager,Software Engineer,2020-05-07 06:01:53,Certification,Interesting topic.,0,Sales
Ripley Owain,rowainnv@rakuten.co.jp,Sales Associate,Sales Manager,2012-02-13 00:55:59,Certification,Nice work!,20,Human Resources
Muriel Muckleston,mmucklestonnw@skyrock.com,Accountant,Marketing Specialist,2015-06-23 21:32:43,Master's degree,Interesting topic.,17,Human Resources
Wolfy Sillett,wsillettnx@sohu.com,Accountant,Sales Manager,2021-08-11 02:32:47,Work experience,Interesting topic.,6,Marketing
Lyle Macallam,lmacallamny@ebay.co.uk,Accountant,Graphic Designer,2021-04-24 02:53:05,PhD,Well done!,18,Human Resources
Mada Wormell,mwormellnz@exblog.jp,Customer Service Representative,Software Engineer,2020-10-25 05:39:58,Certification,Nice work!,8,Human Resources
Arlie Cream,acreamo0@sciencedaily.com,Customer Service Representative,Marketing Specialist,2016-10-09 20:18:32,Bachelor's degree,Well done!,17,Operations
Marchelle Franc,mfranco1@adobe.com,Customer Service Representative,Graphic Designer,2014-02-21 18:54:23,Work experience,Well done!,18,Human Resources
Yanaton Raggles,yraggleso2@behance.net,Customer Service Representative,Software Engineer,2018-09-04 19:21:51,Master's degree,Interesting topic.,18,Sales
Enrica Debell,edebello3@aol.com,admin,Marketing Specialist,2013-09-15 14:12:23,Work experience,Interesting topic.,1,Finance
Myrlene Bredgeland,mbredgelando4@w3.org,Sales Associate,Sales Manager,2019-02-23 02:05:16,Bachelor's degree,Nice work!,11,Sales
Marlo Swinfon,mswinfono5@guardian.co.uk,Customer Service Representative,Sales Manager,2017-06-06 02:48:14,PhD,Great job!,15,Sales
Chicky Tamplin,ctamplino6@purevolume.com,Manager,Customer Service Representative,2020-03-21 21:39:25,Master's degree,Well done!,16,Operations
Mirabel Patzelt,mpatzelto7@a8.net,admin,Marketing Specialist,2013-06-07 03:21:16,Bachelor's degree,Nice work!,1,Finance
Romain Husthwaite,rhusthwaiteo8@cbslocal.com,Accountant,Sales Manager,2020-03-14 23:47:05,PhD,Well done!,20,Sales
Vanny Dellenbrook,vdellenbrooko9@blogtalkradio.com,Accountant,Marketing Specialist,2011-07-30 05:01:24,Master's degree,Keep it up!,11,Finance
Kylila Megarrell,kmegarrelloa@intel.com,Accountant,Sales Manager,2014-06-23 20:55:31,Master's degree,Well done!,12,Marketing
Hew Chislett,hchislettob@multiply.com,admin,Customer Service Representative,2020-01-05 20:08:44,Certification,Keep it up!,2,Marketing
Huntington Mellish,hmellishoc@webnode.com,Accountant,Software Engineer,2016-07-02 14:07:12,Certification,Well done!,18,Finance
Karole Geaveny,kgeavenyod@acquirethisname.com,Manager,Sales Manager,2021-04-01 11:19:35,Master's degree,Nice work!,13,Marketing
Kalie Dobrovsky,kdobrovskyoe@huffingtonpost.com,Sales Associate,Software Engineer,2016-05-15 20:30:26,Certification,Interesting topic.,11,Finance
Amerigo Spadollini,aspadolliniof@wikispaces.com,Manager,Software Engineer,2018-03-30 22:10:52,Work experience,Great job!,11,Finance
Jaye Oakden,joakdenog@newyorker.com,Sales Associate,Software Engineer,2017-03-30 12:18:10,Work experience,Keep it up!,9,Finance
Yorgo Pancast,ypancastoh@blogtalkradio.com,Engineer,Sales Manager,2014-12-03 15:55:37,PhD,Keep it up!,2,Operations
Blithe Joyes,bjoyesoi@ibm.com,admin,Customer Service Representative,2013-11-08 15:25:22,Work experience,Interesting topic.,15,Finance
Derron Monday,dmondayoj@senate.gov,Sales Associate,Graphic Designer,2017-09-11 01:29:32,Certification,Nice work!,16,Sales
Zondra Linzee,zlinzeeok@ameblo.jp,Engineer,Marketing Specialist,2012-11-27 20:54:53,Work experience,Nice work!,7,Sales
Christiano Cod,ccodol@state.gov,admin,Sales Manager,2021-06-19 08:10:33,Certification,Great job!,0,Human Resources
Anjela Jeandon,ajeandonom@free.fr,Accountant,Graphic Designer,2020-09-19 16:10:49,PhD,Interesting topic.,12,Operations
Michal Flippelli,mflippellion@google.pl,admin,Customer Service Representative,2020-08-21 11:20:49,Work experience,Nice work!,20,Operations
Vanny Parratt,vparrattoo@imgur.com,Accountant,Software Engineer,2019-02-01 06:27:00,Certification,Nice work!,1,Operations
Marinna Condy,mcondyop@alibaba.com,admin,Sales Manager,2010-09-08 21:15:22,PhD,Keep it up!,15,Operations
Willa Moxstead,wmoxsteadoq@livejournal.com,Manager,Graphic Designer,2018-02-25 03:50:15,Bachelor's degree,Interesting topic.,17,Sales
Nan Tarply,ntarplyor@macromedia.com,Manager,Graphic Designer,2010-07-22 06:37:12,Bachelor's degree,Nice work!,7,Finance
Rhianon Eames,reamesos@wordpress.org,Engineer,Graphic Designer,2010-07-13 21:42:05,Bachelor's degree,Great job!,3,Marketing
Norah Pegram,npegramot@jugem.jp,admin,Marketing Specialist,2010-09-17 14:23:52,Master's degree,Well done!,11,Marketing
Elisha Loweth,elowethou@trellian.com,Customer Service Representative,Graphic Designer,2019-12-03 14:17:20,PhD,Nice work!,4,Finance
Kev Crowthe,kcrowtheov@businessinsider.com,Accountant,Software Engineer,2018-01-11 16:03:58,PhD,Nice work!,1,Human Resources
Dedie Mil,dmilow@census.gov,Engineer,Customer Service Representative,2013-11-29 14:16:03,Work experience,Great job!,12,Sales
Constance Fussen,cfussenox@i2i.jp,Manager,Graphic Designer,2011-07-23 01:44:58,PhD,Interesting topic.,19,Finance
Catlaina McOwen,cmcowenoy@com.com,Engineer,Software Engineer,2021-10-23 12:57:50,Master's degree,Nice work!,20,Finance
Bonnee Crumb,bcrumboz@lycos.com,Engineer,Graphic Designer,2011-10-21 21:46:53,Bachelor's degree,Nice work!,10,Finance
Pia Dachs,pdachsp0@time.com,Customer Service Representative,Software Engineer,2020-10-20 01:26:18,Certification,Keep it up!,3,Operations
Fransisco Beaman,fbeamanp1@pbs.org,Engineer,Sales Manager,2010-04-03 17:22:00,Master's degree,Interesting topic.,0,Finance
Violette Verrill,vverrillp2@de.vu,Sales Associate,Software Engineer,2010-04-07 09:33:11,PhD,Nice work!,6,Marketing
Etty Reckless,erecklessp3@wordpress.org,Accountant,Software Engineer,2017-08-22 15:41:27,Master's degree,Great job!,12,Marketing
Reube Staite,rstaitep4@chron.com,Manager,Customer Service Representative,2012-06-28 16:27:07,Work experience,Well done!,11,Marketing
Sonny Tomson,stomsonp5@google.ru,Sales Associate,Customer Service Representative,2013-09-27 17:40:45,Bachelor's degree,Keep it up!,2,Operations
Tait Sinderland,tsinderlandp6@squidoo.com,Engineer,Software Engineer,2018-08-11 21:25:01,Certification,Well done!,2,Human Resources
Amberly Airs,aairsp7@npr.org,Sales Associate,Customer Service Representative,2019-02-01 07:56:11,PhD,Interesting topic.,1,Marketing
Janela Toppas,jtoppasp8@facebook.com,Manager,Marketing Specialist,2021-03-24 07:38:26,PhD,Nice work!,3,Human Resources
Ola Greenough,ogreenoughp9@google.ru,Customer Service Representative,Software Engineer,2018-09-12 20:36:23,Master's degree,Well done!,16,Operations
Pennie Matzaitis,pmatzaitispa@accuweather.com,Manager,Sales Manager,2012-03-16 08:15:33,Work experience,Keep it up!,15,Operations
Anson Joder,ajoderpb@hao123.com,Accountant,Marketing Specialist,2010-07-14 04:52:04,Master's degree,Great job!,16,Marketing
Roland Grzegorzewicz,rgrzegorzewiczpc@army.mil,Customer Service Representative,Graphic Designer,2017-03-24 15:21:30,PhD,Well done!,8,Finance
Nelie Tillard,ntillardpd@oakley.com,Accountant,Graphic Designer,2013-01-17 21:48:19,Master's degree,Well done!,19,Operations
Eb Wellard,ewellardpe@plala.or.jp,Customer Service Representative,Marketing Specialist,2015-12-10 22:54:36,Master's degree,Nice work!,18,Marketing
Fredek Dainter,fdainterpf@utexas.edu,admin,Customer Service Representative,2013-03-28 00:31:59,Work experience,Nice work!,15,Marketing
Duke Wilbore,dwilborepg@engadget.com,Accountant,Marketing Specialist,2015-11-28 03:00:31,PhD,Great job!,20,Sales
Loreen Heinle,lheinleph@dmoz.org,Customer Service Representative,Software Engineer,2015-09-13 17:50:39,Master's degree,Interesting topic.,10,Marketing
Hebert Pischoff,hpischoffpi@constantcontact.com,Manager,Customer Service Representative,2021-04-12 16:49:06,PhD,Interesting topic.,7,Marketing
Jammie Mangham,jmanghampj@earthlink.net,Engineer,Sales Manager,2012-05-28 04:43:15,PhD,Nice work!,14,Human Resources
Georgie Maytom,gmaytompk@ow.ly,Engineer,Software Engineer,2015-03-29 21:59:08,Bachelor's degree,Keep it up!,0,Marketing
Matteo Pigdon,mpigdonpl@wikispaces.com,Engineer,Sales Manager,2020-04-26 05:29:21,Work experience,Well done!,11,Marketing
Tommie Goldfinch,tgoldfinchpm@cargocollective.com,Accountant,Customer Service Representative,2015-11-05 19:04:16,Master's degree,Nice work!,1,Finance
Emmet Craigheid,ecraigheidpn@vimeo.com,Engineer,Marketing Specialist,2014-11-18 08:59:34,Master's degree,Well done!,9,Finance
Vinny Rawson,vrawsonpo@shutterfly.com,Sales Associate,Software Engineer,2019-09-18 12:37:25,Bachelor's degree,Keep it up!,8,Human Resources
Patrice Kelway,pkelwaypp@mail.ru,Sales Associate,Customer Service Representative,2010-08-17 13:58:34,Work experience,Great job!,20,Finance
Edan Brunner,ebrunnerpq@t-online.de,Engineer,Marketing Specialist,2012-03-28 16:32:08,PhD,Keep it up!,6,Operations
Georgine Noor,gnoorpr@bizjournals.com,admin,Marketing Specialist,2011-10-15 16:16:12,Certification,Great job!,12,Operations
Joleen Reuble,jreubleps@cocolog-nifty.com,Manager,Software Engineer,2021-03-01 07:58:23,Certification,Interesting topic.,4,Marketing
Mick Houltham,mhoulthampt@google.it,Accountant,Marketing Specialist,2010-07-16 10:57:41,Work experience,Well done!,12,Operations
Miran Stivers,mstiverspu@dot.gov,Customer Service Representative,Graphic Designer,2016-09-10 18:43:59,PhD,Well done!,20,Finance
Cynde Morehall,cmorehallpv@opensource.org,Accountant,Marketing Specialist,2010-10-11 05:59:24,Master's degree,Interesting topic.,5,Marketing
Gunar McGonigle,gmcgoniglepw@washingtonpost.com,Engineer,Graphic Designer,2021-04-04 13:50:49,Bachelor's degree,Nice work!,1,Finance
Frank Matskevich,fmatskevichpx@craigslist.org,Sales Associate,Software Engineer,2014-08-22 15:22:13,Work experience,Interesting topic.,19,Marketing
Hazel Josham,hjoshampy@icio.us,admin,Graphic Designer,2021-09-06 10:27:41,Master's degree,Well done!,20,Finance
Gar Kares,gkarespz@trellian.com,Customer Service Representative,Software Engineer,2012-03-05 23:18:37,PhD,Well done!,3,Finance
Jackelyn Ridge,jridgeq0@house.gov,Sales Associate,Customer Service Representative,2021-02-07 17:20:34,PhD,Well done!,1,Marketing
Mannie Thain,mthainq1@redcross.org,Sales Associate,Software Engineer,2013-07-11 20:22:43,PhD,Great job!,14,Finance
Vaughan Abrehart,vabrehartq2@stumbleupon.com,Accountant,Sales Manager,2014-02-12 23:06:07,Bachelor's degree,Well done!,10,Sales
Hynda O Sullivan,hoq3@hud.gov,Customer Service Representative,Graphic Designer,2013-09-14 00:49:20,Work experience,Well done!,15,Human Resources
Vance Tofpik,vtofpikq4@behance.net,Engineer,Sales Manager,2020-06-14 12:45:48,Bachelor's degree,Keep it up!,17,Sales
Germaine Shinton,gshintonq5@youku.com,Engineer,Customer Service Representative,2021-11-03 19:55:33,Bachelor's degree,Keep it up!,9,Human Resources
Giustino Durnall,gdurnallq6@tumblr.com,Customer Service Representative,Graphic Designer,2012-06-05 20:49:30,Master's degree,Nice work!,4,Finance
Aili Cunnane,acunnaneq7@bigcartel.com,admin,Graphic Designer,2015-05-20 15:50:45,Work experience,Nice work!,12,Operations
Smitty Dreger,sdregerq8@jimdo.com,Customer Service Representative,Sales Manager,2011-12-07 12:22:06,PhD,Great job!,9,Operations
Felice Catterill,fcatterillq9@mediafire.com,admin,Software Engineer,2014-03-24 17:48:47,PhD,Interesting topic.,3,Marketing
Gretal O'Haire,gohaireqa@dion.ne.jp,Accountant,Graphic Designer,2018-10-30 04:00:48,Work experience,Interesting topic.,5,Sales
Hunfredo Quodling,hquodlingqb@unc.edu,Accountant,Software Engineer,2010-09-26 13:22:10,Bachelor's degree,Nice work!,0,Operations
Kala Andrioli,kandrioliqc@gov.uk,Accountant,Graphic Designer,2011-01-01 02:24:59,Work experience,Great job!,17,Finance
Lizabeth Roberts,lrobertsqd@artisteer.com,Accountant,Marketing Specialist,2021-05-17 14:46:18,Bachelor's degree,Well done!,5,Human Resources
Clarette Huyche,chuycheqe@exblog.jp,admin,Marketing Specialist,2012-04-10 06:04:07,Work experience,Interesting topic.,15,Operations
Delmar Strute,dstruteqf@ucoz.ru,Manager,Sales Manager,2011-05-30 13:42:59,Master's degree,Nice work!,12,Human Resources
Milicent Anetts,manettsqg@tumblr.com,Sales Associate,Software Engineer,2010-11-06 13:44:34,PhD,Great job!,17,Finance
Beverie Dowbakin,bdowbakinqh@barnesandnoble.com,admin,Marketing Specialist,2015-10-26 06:34:29,Work experience,Interesting topic.,16,Marketing
Eyde Chaudron,echaudronqi@altervista.org,Accountant,Marketing Specialist,2018-06-03 00:53:55,Certification,Great job!,12,Sales
Ronni Caudray,rcaudrayqj@msu.edu,Manager,Graphic Designer,2021-01-31 01:17:33,PhD,Interesting topic.,6,Marketing
Connie Pomphrett,cpomphrettqk@hhs.gov,admin,Software Engineer,2015-10-26 06:19:47,Bachelor's degree,Well done!,4,Finance
Major Huckin,mhuckinql@state.gov,Sales Associate,Customer Service Representative,2019-07-28 22:48:22,Work experience,Great job!,10,Human Resources
Orsola McLaughlan,omclaughlanqm@ucla.edu,Manager,Marketing Specialist,2014-04-29 11:44:38,PhD,Great job!,5,Marketing
Prince Colloby,pcollobyqn@webeden.co.uk,admin,Sales Manager,2014-11-28 00:04:50,PhD,Well done!,11,Marketing
Marcille Iles,milesqo@cmu.edu,admin,Sales Manager,2012-07-10 09:12:01,Bachelor's degree,Great job!,15,Marketing
Auguste Pezey,apezeyqp@prlog.org,Accountant,Marketing Specialist,2019-08-04 14:05:11,Bachelor's degree,Well done!,7,Sales
Kimbra Virgin,kvirginqq@gnu.org,Customer Service Representative,Marketing Specialist,2017-09-01 23:28:38,Certification,Well done!,16,Marketing
Marge Pattinson,mpattinsonqr@bandcamp.com,Sales Associate,Graphic Designer,2010-01-11 19:48:39,Master's degree,Well done!,16,Finance
Risa Goulbourn,rgoulbournqs@tmall.com,Engineer,Customer Service Representative,2012-01-29 03:14:10,Bachelor's degree,Keep it up!,16,Finance
Viki Tzarkov,vtzarkovqt@bing.com,Accountant,Software Engineer,2018-11-15 09:54:44,Bachelor's degree,Interesting topic.,18,Sales
Caterina Melloi,cmelloiqu@lycos.com,Sales Associate,Customer Service Representative,2017-11-06 05:12:05,Bachelor's degree,Great job!,16,Sales
Amata Goucher,agoucherqv@census.gov,Customer Service Representative,Graphic Designer,2017-10-12 06:30:45,Master's degree,Well done!,8,Human Resources
Sigismond Phelps,sphelpsqw@so-net.ne.jp,Customer Service Representative,Marketing Specialist,2010-03-23 04:33:26,Master's degree,Great job!,6,Marketing
Phylys Norton,pnortonqx@livejournal.com,Manager,Customer Service Representative,2015-09-14 11:01:12,Bachelor's degree,Great job!,5,Human Resources
Rena Martinec,rmartinecqy@privacy.gov.au,Engineer,Marketing Specialist,2020-05-16 02:49:05,Bachelor's degree,Interesting topic.,5,Human Resources
My Tayt,mtaytqz@ftc.gov,Engineer,Sales Manager,2019-10-04 07:18:52,Master's degree,Keep it up!,3,Finance
Jacquelynn Tremethack,jtremethackr0@1und1.de,Engineer,Customer Service Representative,2013-04-27 04:34:37,PhD,Interesting topic.,19,Operations
Rasia Crenage,rcrenager1@behance.net,Customer Service Representative,Marketing Specialist,2010-07-16 10:44:30,Certification,Great job!,7,Finance
Bayard Halse,bhalser2@4shared.com,Customer Service Representative,Marketing Specialist,2014-11-20 22:53:00,Master's degree,Well done!,9,Human Resources
Myrtia Rodie,mrodier3@bigcartel.com,Customer Service Representative,Sales Manager,2010-10-31 20:09:40,Master's degree,Interesting topic.,1,Operations
Maison Lillicrap,mlillicrapr4@loc.gov,Sales Associate,Software Engineer,2013-02-06 11:04:32,Master's degree,Great job!,6,Human Resources
Maggee Kropach,mkropachr5@sina.com.cn,Manager,Customer Service Representative,2018-11-13 14:51:13,Bachelor's degree,Interesting topic.,0,Operations
Way Gowar,wgowarr6@arizona.edu,Accountant,Customer Service Representative,2018-06-02 23:14:37,Work experience,Great job!,11,Human Resources
Kathryn Issacov,kissacovr7@auda.org.au,Manager,Software Engineer,2021-08-08 12:44:58,Work experience,Interesting topic.,18,Operations
Ardeen Paschek,apaschekr8@example.com,Customer Service Representative,Marketing Specialist,2019-05-21 19:39:09,Bachelor's degree,Nice work!,5,Finance
Albert Shearn,ashearnr9@bigcartel.com,Sales Associate,Customer Service Representative,2010-03-20 06:27:43,Master's degree,Nice work!,12,Human Resources
Delores Heindrich,dheindrichra@epa.gov,Manager,Customer Service Representative,2014-04-26 03:21:16,PhD,Great job!,0,Finance
Duncan Anthon,danthonrb@nps.gov,Manager,Customer Service Representative,2020-07-17 01:24:49,Certification,Keep it up!,15,Human Resources
Otto Hayer,ohayerrc@statcounter.com,Accountant,Graphic Designer,2013-12-14 14:14:19,Master's degree,Well done!,10,Marketing
Jacky Shakle,jshaklerd@blogtalkradio.com,admin,Customer Service Representative,2021-05-16 20:04:49,Certification,Keep it up!,0,Human Resources
Tori Hordell,thordellre@sohu.com,Customer Service Representative,Software Engineer,2013-05-11 10:32:40,Certification,Great job!,6,Operations
Biron McMenemy,bmcmenemyrf@nbcnews.com,admin,Software Engineer,2018-02-18 07:09:10,Bachelor's degree,Nice work!,13,Marketing
Lethia Niset,lnisetrg@opensource.org,Engineer,Marketing Specialist,2011-08-02 16:47:48,Master's degree,Interesting topic.,11,Operations
Ettie Drohane,edrohanerh@acquirethisname.com,Manager,Sales Manager,2014-11-16 14:10:01,Work experience,Keep it up!,18,Marketing
Matty Chipchase,mchipchaseri@histats.com,admin,Customer Service Representative,2016-02-06 21:57:38,Bachelor's degree,Great job!,20,Sales
Craggie Cowdery,ccowderyrj@php.net,Customer Service Representative,Sales Manager,2015-03-07 23:35:36,Work experience,Well done!,6,Finance
Lennie Simmens,lsimmensrk@indiegogo.com,admin,Software Engineer,2017-03-16 04:43:28,Master's degree,Great job!,0,Marketing
Claudette Seavers,cseaversrl@tamu.edu,admin,Software Engineer,2010-05-25 09:54:45,Certification,Nice work!,7,Sales
Melinde O'Mara,momararm@meetup.com,Customer Service Representative,Customer Service Representative,2016-12-18 18:10:21,Master's degree,Great job!,8,Operations
Gun Gagin,ggaginrn@pbs.org,Manager,Customer Service Representative,2015-12-09 19:08:34,Work experience,Nice work!,6,Finance
Marshal Peagrim,mpeagrimro@ihg.com,Manager,Customer Service Representative,2020-09-18 05:22:49,Bachelor's degree,Nice work!,10,Operations
Delphine Petry,dpetryrp@sitemeter.com,admin,Sales Manager,2021-09-14 02:20:46,Certification,Great job!,1,Marketing
Hermia Dobel,hdobelrq@ustream.tv,Sales Associate,Sales Manager,2015-10-20 15:04:27,Certification,Keep it up!,16,Human Resources
Nikolia Coneron,nconeronrr@sciencedaily.com,Manager,Sales Manager,2017-03-26 21:26:08,Master's degree,Interesting topic.,18,Operations
